repo,month,offset,period,sha,commit_date,carried,sonar_server,sonar_project,sonar_ncloc,sonar_files,sonar_functions,sonar_statements,sonar_classes,sonar_complexity,sonar_cognitive_complexity,sonar_code_smells,sonar_sqale_index,sonar_sqale_debt_ratio,sonar_bugs,sonar_vulnerabilities,sonar_security_hotspots,sonar_violations,sonar_blocker_violations,sonar_critical_violations,sonar_major_violations,sonar_minor_violations,sonar_info_violations,sonar_duplicated_lines_density,sonar_comment_lines_density,codeql_status,codeql_db_seconds,codeql_analyze_seconds,codeql_loc,codeql_loc_user,codeql_baseline_loc,codeql_py_files,codeql_extracted_files,codeql_extractor_diagnostics,codeql_eval_errors,codeql_pack_version,codeql_results,codeql_path_problems,codeql_rules_fired,codeql_sev_critical,codeql_sev_high,codeql_sev_medium,codeql_sev_low,codeql_cwes,lint_status,lint_seconds,lint_py_files,lint_loc,lint_sloc,lint_lloc,lint_comments,lint_blank,lint_bandit_findings,lint_bandit_sev_high,lint_bandit_sev_medium,lint_bandit_sev_low,lint_bandit_conf_high,lint_bandit_conf_medium,lint_bandit_conf_low,lint_bandit_loc,lint_bandit_nosec,lint_bandit_skipped,lint_bandit_cwes,lint_bandit_tests,lint_bandit_errors,lint_radon_blocks,lint_radon_cc_total,lint_radon_cc_mean,lint_radon_cc_max,lint_radon_mi_mean,lint_radon_mi_min,lint_radon_errors,lint_lizard_functions,lint_lizard_nloc,lint_lizard_ccn_total,lint_lizard_ccn_mean,lint_lizard_ccn_max,lint_lizard_token_total,lint_lizard_params_mean,lint_lizard_warnings,lint_complexipy_functions,lint_complexipy_total,lint_complexipy_mean,lint_complexipy_max,lint_tool_errors,lint_versions,act_commits,act_merges,act_reverts,act_bot_commits,act_marker_commits,act_agent_file_commits,act_authors,act_files,act_insertions,act_deletions,act_scope_files,act_scope_insertions,act_scope_deletions
Lightning-AI/litData,2024-05,-12,pre,bb362a0e9e82e51892e8fd404f2995d8aec70975,2024-05-31T17:08:01+01:00,0,sq-a,ba_Lightning-AI_litData__2024-05,5649,33,501,4087,85,1435,1360,85,633,0.4,1,3,0,89,0,24,38,12,15,0.4,19.3,ok,7.7,12.7,6337,6337,5659,60,33,0,0,1.8.8+44a68d3a47fcbcd6a6a76ec7d1c1b3a1a28b201e,0,0,0,0,0,0,0,{},ok,1.0,33,8666,5669,4654,693,1753,13,3,3,7,13,0,0,6275,0,0,"{""CWE-22"": 1, ""CWE-327"": 1, ""CWE-330"": 1, ""CWE-502"": 4, ""CWE-78"": 6}","{""B301"": 2, ""B310"": 1, ""B311"": 1, ""B324"": 1, ""B403"": 2, ""B404"": 2, ""B602"": 2, ""B605"": 1, ""B607"": 1}",0,578,1887,3.265,36,62.558,0.0,0,478,4678,1546,3.234,34,37342,2.366,10,492,1467,2.982,50,,complexipy==7.0.1 radon==6.0.1 lizard==1.24.0 bandit==1.9.4,18,0,0,4,0,0,7,47,620,160,22,357,91
Lightning-AI/litData,2024-06,-11,pre,e88fb5276919bda81b190c60b26c734dd100a9f5,2024-06-30T08:45:05+01:00,0,sq-c,ba_Lightning-AI_litData__2024-06,6186,36,521,4470,89,1566,1513,96,712,0.4,1,4,0,101,0,27,43,15,16,0.0,19.5,ok,6.2,12.9,6952,6952,6198,78,36,0,0,1.8.8+44a68d3a47fcbcd6a6a76ec7d1c1b3a1a28b201e,0,0,0,0,0,0,0,{},ok,0.9,36,9488,6207,5097,748,1925,13,3,3,7,13,0,0,6882,0,0,"{""CWE-22"": 1, ""CWE-327"": 1, ""CWE-330"": 1, ""CWE-502"": 4, ""CWE-78"": 6}","{""B301"": 2, ""B310"": 1, ""B311"": 1, ""B324"": 1, ""B403"": 2, ""B404"": 2, ""B602"": 2, ""B605"": 1, ""B607"": 1}",0,602,2095,3.48,37,62.137,0.0,0,498,5150,1714,3.442,35,41488,2.41,12,511,1670,3.268,50,,complexipy==7.0.1 radon==6.0.1 lizard==1.24.0 bandit==1.9.4,29,0,0,4,0,0,8,111,3213,262,53,980,158
Lightning-AI/litData,2024-07,-10,pre,3d3a2874a64c66c951169196c49bebb6ff367134,2024-07-30T11:24:07+01:00,0,sq-c,ba_Lightning-AI_litData__2024-07,6902,37,571,4910,88,1719,1675,107,859,0.4,1,4,0,112,0,35,45,14,18,0.0,19.2,ok,6.5,13.2,7744,7744,6915,80,37,0,0,1.8.8+44a68d3a47fcbcd6a6a76ec7d1c1b3a1a28b201e,1,1,1,0,1,0,0,"{""CWE-312"": 1, ""CWE-315"": 1, ""CWE-359"": 1}",ok,1.0,37,10518,6924,5614,815,2113,13,3,3,7,13,0,0,7661,0,0,"{""CWE-22"": 1, ""CWE-327"": 1, ""CWE-330"": 1, ""CWE-502"": 4, ""CWE-78"": 6}","{""B301"": 2, ""B310"": 1, ""B311"": 1, ""B324"": 1, ""B403"": 2, ""B404"": 2, ""B602"": 2, ""B605"": 1, ""B607"": 1}",0,650,2284,3.514,50,60.868,0.0,0,548,5838,1889,3.447,46,46724,2.432,15,562,1853,3.297,69,,complexipy==7.0.1 radon==6.0.1 lizard==1.24.0 bandit==1.9.4,88,0,0,6,0,0,13,177,3706,1423,73,1439,409
Lightning-AI/litData,2024-08,-9,pre,f9c07134a7c80ec9e0dc68b4bd39bd79aa8ced2d,2024-08-28T21:20:45+05:30,0,sq-a,ba_Lightning-AI_litData__2024-08,7026,37,582,5006,89,1750,1718,111,906,0.4,1,5,0,117,0,39,45,14,19,0.0,19.3,ok,6.4,13.1,7888,7888,7039,80,37,0,0,1.8.8+44a68d3a47fcbcd6a6a76ec7d1c1b3a1a28b201e,1,1,1,0,1,0,0,"{""CWE-312"": 1, ""CWE-315"": 1, ""CWE-359"": 1}",ok,1.0,37,10704,7048,5718,826,2143,14,4,3,7,14,0,0,7805,0,0,"{""CWE-22"": 1, ""CWE-327"": 2, ""CWE-330"": 1, ""CWE-502"": 4, ""CWE-78"": 6}","{""B301"": 2, ""B310"": 1, ""B311"": 1, ""B324"": 2, ""B403"": 2, ""B404"": 2, ""B602"": 2, ""B605"": 1, ""B607"": 1}",0,662,2326,3.514,50,60.569,0.0,0,559,5952,1924,3.442,46,47623,2.438,16,573,1906,3.326,95,,complexipy==7.0.1 radon==6.0.1 lizard==1.24.0 bandit==1.9.4,33,0,1,2,0,0,10,97,860,502,44,341,155
Lightning-AI/litData,2024-09,-8,pre,e253c6c7bb2e13450b683a35323a3f30ef0e7afb,2024-09-28T08:24:21+01:00,0,sq-c,ba_Lightning-AI_litData__2024-09,7042,37,583,5009,89,1760,1728,110,909,0.4,1,5,0,116,0,39,44,14,19,0.0,19.3,ok,6.6,13.2,7915,7915,7054,81,37,0,0,1.8.8+44a68d3a47fcbcd6a6a76ec7d1c1b3a1a28b201e,1,1,1,0,1,0,0,"{""CWE-312"": 1, ""CWE-315"": 1, ""CWE-359"": 1}",ok,1.0,37,10722,7064,5724,825,2135,14,4,3,7,14,0,0,7832,0,0,"{""CWE-22"": 1, ""CWE-327"": 2, ""CWE-330"": 1, ""CWE-502"": 4, ""CWE-78"": 6}","{""B301"": 2, ""B310"": 1, ""B311"": 1, ""B324"": 2, ""B403"": 2, ""B404"": 2, ""B602"": 2, ""B605"": 1, ""B607"": 1}",0,663,2332,3.517,50,60.548,0.0,0,560,5966,1931,3.448,46,47821,2.439,16,574,1918,3.341,95,,complexipy==7.0.1 radon==6.0.1 lizard==1.24.0 bandit==1.9.4,32,0,1,3,0,0,10,133,1607,1681,75,994,976
Lightning-AI/litData,2024-10,-7,pre,73f767f7046b2d4acd8eddf6e689507cbd6966d9,2024-10-30T08:41:41+05:30,0,sq-b,ba_Lightning-AI_litData__2024-10,7077,37,584,5033,89,1772,1745,109,916,0.4,1,5,0,115,0,39,44,14,18,0.0,19.2,ok,6.5,13.7,7953,7953,7089,81,37,0,0,1.8.8+44a68d3a47fcbcd6a6a76ec7d1c1b3a1a28b201e,1,1,1,0,1,0,0,"{""CWE-312"": 1, ""CWE-315"": 1, ""CWE-359"": 1}",ok,1.0,37,10761,7099,5748,823,2138,14,4,3,7,14,0,0,7870,0,0,"{""CWE-22"": 1, ""CWE-327"": 2, ""CWE-330"": 1, ""CWE-502"": 4, ""CWE-78"": 6}","{""B301"": 2, ""B310"": 1, ""B311"": 1, ""B324"": 2, ""B403"": 2, ""B404"": 2, ""B602"": 2, ""B605"": 1, ""B607"": 1}",0,664,2346,3.533,51,60.396,0.0,0,561,6000,1944,3.465,47,48078,2.444,16,575,1933,3.362,95,,complexipy==7.0.1 radon==6.0.1 lizard==1.24.0 bandit==1.9.4,11,0,0,0,0,0,3,23,620,37,11,72,33
Lightning-AI/litData,2024-11,-6,pre,7df78d3c7a7f3921a29fe87e9336c4d754ad7c1a,2024-11-29T09:41:12Z,0,sq-a,ba_Lightning-AI_litData__2024-11,7150,38,590,5097,91,1795,1761,110,918,0.4,1,5,0,116,0,39,44,15,18,0.0,19.3,ok,6.6,13.2,8038,8038,7161,82,38,0,0,1.8.8+44a68d3a47fcbcd6a6a76ec7d1c1b3a1a28b201e,1,1,1,0,1,0,0,"{""CWE-312"": 1, ""CWE-315"": 1, ""CWE-359"": 1}",ok,1.0,38,10873,7171,5818,828,2166,14,4,3,7,14,0,0,7952,0,0,"{""CWE-22"": 1, ""CWE-327"": 2, ""CWE-330"": 1, ""CWE-502"": 4, ""CWE-78"": 6}","{""B301"": 2, ""B310"": 1, ""B311"": 1, ""B324"": 2, ""B403"": 2, ""B404"": 2, ""B602"": 2, ""B605"": 1, ""B607"": 1}",0,672,2376,3.536,51,60.694,0.0,0,567,6059,1968,3.471,47,48564,2.443,16,581,1949,3.355,95,,complexipy==7.0.1 radon==6.0.1 lizard==1.24.0 bandit==1.9.4,9,0,0,0,0,0,5,16,195,17,12,126,14
Lightning-AI/litData,2024-12,-5,pre,bd116a46f53ebb3d6133d73b6d1b008e685aad35,2024-12-18T01:30:59+09:00,0,sq-c,ba_Lightning-AI_litData__2024-12,7150,38,590,5097,91,1795,1761,110,918,0.4,1,5,0,116,0,39,44,15,18,0.0,19.3,ok,6.8,13.8,8038,8038,7161,82,38,0,0,1.8.8+44a68d3a47fcbcd6a6a76ec7d1c1b3a1a28b201e,1,1,1,0,1,0,0,"{""CWE-312"": 1, ""CWE-315"": 1, ""CWE-359"": 1}",ok,1.1,38,10873,7171,5818,828,2166,14,4,3,7,14,0,0,7952,0,0,"{""CWE-22"": 1, ""CWE-327"": 2, ""CWE-330"": 1, ""CWE-502"": 4, ""CWE-78"": 6}","{""B301"": 2, ""B310"": 1, ""B311"": 1, ""B324"": 2, ""B403"": 2, ""B404"": 2, ""B602"": 2, ""B605"": 1, ""B607"": 1}",0,672,2376,3.536,51,60.694,0.0,0,567,6059,1968,3.471,47,48564,2.443,16,581,1949,3.355,95,,complexipy==7.0.1 radon==6.0.1 lizard==1.24.0 bandit==1.9.4,3,0,0,0,0,0,3,5,82,3,2,2,2
Lightning-AI/litData,2025-01,-4,pre,ee77852d74fbaf9993d44f56cc42b61bcccced81,2025-01-24T11:26:14Z,0,sq-a,ba_Lightning-AI_litData__2025-01,7285,39,598,5206,92,1825,1803,113,959,0.4,1,5,0,119,0,43,44,13,19,0.0,19.1,ok,6.8,13.2,8174,8174,7296,83,39,0,0,1.8.8+44a68d3a47fcbcd6a6a76ec7d1c1b3a1a28b201e,1,1,1,0,1,0,0,"{""CWE-312"": 1, ""CWE-315"": 1, ""CWE-359"": 1}",ok,1.0,39,11060,7306,5936,838,2207,14,4,3,7,14,0,0,8090,0,0,"{""CWE-22"": 1, ""CWE-327"": 2, ""CWE-330"": 1, ""CWE-502"": 4, ""CWE-78"": 6}","{""B301"": 2, ""B310"": 1, ""B311"": 1, ""B324"": 2, ""B403"": 2, ""B404"": 2, ""B602"": 2, ""B605"": 1, ""B607"": 1}",0,681,2413,3.543,51,60.71,0.0,0,575,6175,2003,3.483,47,49358,2.428,17,589,1995,3.387,95,,complexipy==7.0.1 radon==6.0.1 lizard==1.24.0 bandit==1.9.4,9,0,0,1,0,0,5,64,381,92,26,238,51
Lightning-AI/litData,2025-02,-3,pre,f6660be93a97346c4da9feb81011544b93d88c13,2025-02-24T18:56:22Z,0,sq-c,ba_Lightning-AI_litData__2025-02,7824,41,634,5618,99,1949,1932,121,1033,0.4,1,5,0,127,0,48,45,14,20,0.5,20.8,ok,6.8,13.9,8905,8905,7837,86,41,0,0,1.8.8+44a68d3a47fcbcd6a6a76ec7d1c1b3a1a28b201e,1,1,1,0,1,0,0,"{""CWE-312"": 1, ""CWE-315"": 1, ""CWE-359"": 1}",ok,1.1,41,12051,7847,6395,944,2381,14,4,3,7,14,0,0,8819,0,0,"{""CWE-22"": 1, ""CWE-327"": 2, ""CWE-330"": 1, ""CWE-502"": 4, ""CWE-78"": 6}","{""B301"": 2, ""B310"": 1, ""B311"": 1, ""B324"": 2, ""B403"": 2, ""B404"": 2, ""B602"": 2, ""B605"": 1, ""B607"": 1}",0,724,2589,3.576,51,59.8,0.0,0,609,6661,2130,3.498,47,53294,2.478,17,625,2122,3.395,95,,complexipy==7.0.1 radon==6.0.1 lizard==1.24.0 bandit==1.9.4,16,0,0,0,0,0,6,69,1810,229,43,1111,120
Lightning-AI/litData,2025-03,-2,pre,ee033833589ce82119892a1640fa0e3864061678,2025-03-30T02:24:32+05:45,0,sq-c,ba_Lightning-AI_litData__2025-03,8232,42,667,5926,102,2051,2023,129,1136,0.5,1,3,0,133,0,56,44,16,17,0.8,22.0,ok,6.9,13.6,9493,9493,8244,90,42,0,0,1.8.8+44a68d3a47fcbcd6a6a76ec7d1c1b3a1a28b201e,1,1,1,0,1,0,0,"{""CWE-312"": 1, ""CWE-315"": 1, ""CWE-359"": 1}",ok,1.1,42,12856,8254,6714,1051,2524,15,4,4,7,15,0,0,9377,0,0,"{""CWE-22"": 1, ""CWE-327"": 2, ""CWE-330"": 1, ""CWE-494"": 1, ""CWE-502"": 4, ""CWE-78"": 6}","{""B301"": 2, ""B310"": 1, ""B311"": 1, ""B324"": 2, ""B403"": 2, ""B404"": 2, ""B602"": 2, ""B605"": 1, ""B607"": 1, ""B615"": 1}",0,760,2714,3.571,51,60.401,0.0,0,643,7061,2243,3.488,47,56076,2.496,19,658,2223,3.378,95,,complexipy==7.0.1 radon==6.0.1 lizard==1.24.0 bandit==1.9.4,32,0,0,0,0,0,7,103,2980,1471,56,1384,579
Lightning-AI/litData,2025-04,-1,pre,e789fb65770ff3e36c4921713539cf5326853ade,2025-04-29T00:09:00+05:45,0,sq-a,ba_Lightning-AI_litData__2025-04,8574,43,679,6133,106,2090,2060,126,1151,0.4,1,3,0,130,0,57,43,13,17,0.8,21.9,ok,6.7,13.4,9975,9975,8704,93,44,0,0,1.8.8+44a68d3a47fcbcd6a6a76ec7d1c1b3a1a28b201e,1,1,1,0,1,0,0,"{""CWE-312"": 1, ""CWE-315"": 1, ""CWE-359"": 1}",ok,1.2,44,13508,8714,7069,1127,2625,15,4,4,7,15,0,0,9863,0,0,"{""CWE-22"": 1, ""CWE-327"": 2, ""CWE-330"": 1, ""CWE-494"": 1, ""CWE-502"": 4, ""CWE-78"": 6}","{""B301"": 2, ""B310"": 1, ""B311"": 1, ""B324"": 2, ""B403"": 2, ""B404"": 2, ""B602"": 2, ""B605"": 1, ""B607"": 1, ""B615"": 1}",0,786,2793,3.553,51,59.979,0.0,0,663,7437,2301,3.471,47,58541,2.457,20,678,2268,3.345,95,,complexipy==7.0.1 radon==6.0.1 lizard==1.24.0 bandit==1.9.4,22,0,0,1,0,0,7,74,1318,170,42,769,117
Lightning-AI/litData,2025-05,0,m0,9836419450acea449afb094d994625719e3b8c9c,2025-05-31T18:42:54+01:00,0,sq-b,ba_Lightning-AI_litData__2025-05,9523,51,718,6733,111,2268,2288,134,1259,0.4,1,2,0,137,0,60,46,14,17,0.7,21.9,ok,6.8,13.4,11053,11053,9655,102,52,0,0,1.8.8+44a68d3a47fcbcd6a6a76ec7d1c1b3a1a28b201e,1,1,1,0,1,0,0,"{""CWE-312"": 1, ""CWE-315"": 1, ""CWE-359"": 1}",ok,1.3,52,14868,9665,7754,1214,2802,15,3,4,8,15,0,0,10965,0,0,"{""CWE-22"": 1, ""CWE-327"": 1, ""CWE-330"": 2, ""CWE-494"": 1, ""CWE-502"": 4, ""CWE-78"": 6}","{""B301"": 2, ""B310"": 1, ""B311"": 2, ""B324"": 1, ""B403"": 2, ""B404"": 2, ""B602"": 2, ""B605"": 1, ""B607"": 1, ""B615"": 1}",0,827,3023,3.655,53,59.995,0.0,0,696,8148,2497,3.588,49,63756,2.49,22,715,2509,3.509,95,,complexipy==7.0.1 radon==6.0.1 lizard==1.24.0 bandit==1.9.4,18,0,0,0,1,0,4,68,3308,389,38,1672,312
Lightning-AI/litData,2025-06,1,post,6ceef3eedd258180aa033a45622f40f2c6e9d0ef,2025-06-30T14:15:21+05:30,0,sq-b,ba_Lightning-AI_litData__2025-06,9775,51,733,6904,112,2338,2365,135,1299,0.4,1,2,0,138,0,61,46,14,17,0.7,21.8,ok,7.1,13.3,11334,11334,9907,102,52,0,0,1.8.8+44a68d3a47fcbcd6a6a76ec7d1c1b3a1a28b201e,1,1,1,0,1,0,0,"{""CWE-312"": 1, ""CWE-315"": 1, ""CWE-359"": 1}",ok,1.3,52,15220,9917,7942,1232,2863,15,3,4,8,15,0,0,11247,0,0,"{""CWE-22"": 1, ""CWE-327"": 1, ""CWE-330"": 2, ""CWE-494"": 1, ""CWE-502"": 4, ""CWE-78"": 6}","{""B301"": 2, ""B310"": 1, ""B311"": 2, ""B324"": 1, ""B403"": 2, ""B404"": 2, ""B602"": 2, ""B605"": 1, ""B607"": 1, ""B615"": 1}",0,843,3105,3.683,67,59.678,0.0,0,711,8386,2568,3.612,60,65534,2.523,22,730,2585,3.541,95,,complexipy==7.0.1 radon==6.0.1 lizard==1.24.0 bandit==1.9.4,25,0,0,4,1,0,4,49,1031,158,21,469,117
Lightning-AI/litData,2025-07,2,post,47c9098a71a708294860612fd2731aa7391079ac,2025-08-01T01:50:07+05:45,0,sq-a,ba_Lightning-AI_litData__2025-07,10433,59,780,7434,120,2496,2533,141,1358,0.4,1,2,0,144,0,61,49,14,20,0.7,22.0,ok,7.6,13.6,12072,12072,10565,112,60,0,0,1.8.8+44a68d3a47fcbcd6a6a76ec7d1c1b3a1a28b201e,1,1,1,0,1,0,0,"{""CWE-312"": 1, ""CWE-315"": 1, ""CWE-359"": 1}",ok,1.4,60,16312,10573,8514,1374,3081,15,3,4,8,15,0,0,11983,0,0,"{""CWE-22"": 1, ""CWE-327"": 1, ""CWE-330"": 2, ""CWE-494"": 1, ""CWE-502"": 4, ""CWE-78"": 6}","{""B301"": 2, ""B310"": 1, ""B311"": 2, ""B324"": 1, ""B403"": 2, ""B404"": 2, ""B602"": 2, ""B605"": 1, ""B607"": 1, ""B615"": 1}",0,898,3299,3.674,81,62.762,0.0,0,758,8962,2739,3.613,74,69923,2.497,22,777,2763,3.556,120,,complexipy==7.0.1 radon==6.0.1 lizard==1.24.0 bandit==1.9.4,19,0,0,5,1,0,8,91,2856,871,61,1576,505
Lightning-AI/litData,2025-08,3,post,8e902dfc69d2fcdbd49b3dea58e8dd91170da841,2025-08-23T08:55:21Z,0,sq-b,ba_Lightning-AI_litData__2025-08,10537,62,787,7519,120,2518,2547,142,1365,0.4,0,2,0,144,0,61,49,14,20,0.7,22.1,ok,7.5,13.7,12204,12204,10669,118,63,0,0,1.8.8+44a68d3a47fcbcd6a6a76ec7d1c1b3a1a28b201e,1,1,1,0,1,0,0,"{""CWE-312"": 1, ""CWE-315"": 1, ""CWE-359"": 1}",ok,1.4,63,16507,10677,8600,1413,3110,15,3,4,8,15,0,0,12111,0,0,"{""CWE-22"": 1, ""CWE-327"": 1, ""CWE-330"": 2, ""CWE-494"": 1, ""CWE-502"": 4, ""CWE-78"": 6}","{""B301"": 2, ""B310"": 1, ""B311"": 2, ""B324"": 1, ""B403"": 2, ""B404"": 2, ""B602"": 2, ""B605"": 1, ""B607"": 1, ""B615"": 1}",0,905,3323,3.672,81,64.041,0.0,0,765,9059,2765,3.614,74,70654,2.508,23,784,2778,3.543,120,,complexipy==7.0.1 radon==6.0.1 lizard==1.24.0 bandit==1.9.4,18,0,0,5,1,0,7,48,1308,563,13,490,274
Lightning-AI/litData,2025-09,4,post,df92bf8513c83028bfe61753459fbba4dfe384a0,2025-09-23T03:48:55+01:00,0,sq-c,ba_Lightning-AI_litData__2025-09,10793,62,808,7705,124,2570,2595,143,1378,0.4,0,3,0,146,0,61,49,16,20,1.4,22.1,ok,7.7,13.9,12492,12492,10925,118,63,0,0,1.8.8+44a68d3a47fcbcd6a6a76ec7d1c1b3a1a28b201e,1,1,1,0,1,0,0,"{""CWE-312"": 1, ""CWE-315"": 1, ""CWE-359"": 1}",ok,1.4,63,16887,10933,8803,1452,3178,15,3,4,8,15,0,0,12393,0,0,"{""CWE-22"": 1, ""CWE-327"": 1, ""CWE-330"": 2, ""CWE-494"": 1, ""CWE-502"": 4, ""CWE-78"": 6}","{""B301"": 2, ""B310"": 1, ""B311"": 2, ""B324"": 1, ""B403"": 2, ""B404"": 2, ""B602"": 2, ""B605"": 1, ""B607"": 1, ""B615"": 1}",0,929,3390,3.649,81,63.645,0.0,0,786,9295,2818,3.585,74,72507,2.513,23,804,2817,3.504,120,,complexipy==7.0.1 radon==6.0.1 lizard==1.24.0 bandit==1.9.4,18,0,0,4,1,0,6,41,1640,313,20,536,156
Lightning-AI/litData,2025-10,5,post,a249a2892801379dcce3fc4a5fbad5a52d1d8a66,2025-10-24T12:27:21+01:00,0,sq-c,ba_Lightning-AI_litData__2025-10,10808,62,819,7756,126,2592,2607,143,1397,0.4,0,3,0,146,0,60,50,16,20,1.4,22.1,ok,7.7,13.6,12513,12513,10940,119,63,0,0,1.8.8+44a68d3a47fcbcd6a6a76ec7d1c1b3a1a28b201e,1,1,1,0,1,0,0,"{""CWE-312"": 1, ""CWE-315"": 1, ""CWE-359"": 1}",ok,1.4,63,16906,10948,8844,1444,3185,11,2,4,5,11,0,0,12412,0,0,"{""CWE-22"": 1, ""CWE-327"": 1, ""CWE-330"": 2, ""CWE-494"": 1, ""CWE-502"": 4, ""CWE-78"": 2}","{""B301"": 2, ""B310"": 1, ""B311"": 2, ""B324"": 1, ""B403"": 2, ""B404"": 1, ""B602"": 1, ""B615"": 1}",0,942,3415,3.625,81,63.351,0.0,0,797,9302,2840,3.563,74,72705,2.509,24,815,2831,3.474,120,,complexipy==7.0.1 radon==6.0.1 lizard==1.24.0 bandit==1.9.4,21,0,0,5,0,0,9,50,579,540,20,266,247
Lightning-AI/litData,2025-11,6,post,07705955e698f18a5921e173710a3c726c10b6d2,2025-11-14T16:01:14Z,0,sq-c,ba_Lightning-AI_litData__2025-11,10825,62,819,7767,126,2598,2618,143,1400,0.4,0,3,0,146,0,60,50,16,20,1.4,22.1,ok,7.6,13.8,12526,12526,10957,119,63,0,0,1.8.8+44a68d3a47fcbcd6a6a76ec7d1c1b3a1a28b201e,1,1,1,0,1,0,0,"{""CWE-312"": 1, ""CWE-315"": 1, ""CWE-359"": 1}",ok,1.4,63,16925,10965,8861,1447,3185,11,2,4,5,11,0,0,12429,0,0,"{""CWE-22"": 1, ""CWE-327"": 1, ""CWE-330"": 2, ""CWE-494"": 1, ""CWE-502"": 4, ""CWE-78"": 2}","{""B301"": 2, ""B310"": 1, ""B311"": 2, ""B324"": 1, ""B403"": 2, ""B404"": 1, ""B602"": 1, ""B615"": 1}",0,942,3422,3.633,81,63.244,0.0,0,797,9316,2845,3.57,74,72758,2.509,24,815,2841,3.486,120,,complexipy==7.0.1 radon==6.0.1 lizard==1.24.0 bandit==1.9.4,9,0,0,4,0,0,3,19,93,82,6,29,10
Lightning-AI/litData,2025-12,7,post,591318167be741e209b2bd4e65ddb8d3d26205b9,2025-12-12T14:48:05-08:00,0,sq-b,ba_Lightning-AI_litData__2025-12,10860,62,819,7788,126,2606,2634,143,1409,0.4,0,3,0,146,0,60,50,16,20,1.3,22.1,ok,7.8,13.9,12575,12575,10992,119,63,0,0,1.8.8+44a68d3a47fcbcd6a6a76ec7d1c1b3a1a28b201e,1,1,1,0,1,0,0,"{""CWE-312"": 1, ""CWE-315"": 1, ""CWE-359"": 1}",ok,1.4,63,16986,11000,8883,1450,3195,11,2,4,5,11,0,0,12477,0,0,"{""CWE-22"": 1, ""CWE-327"": 1, ""CWE-330"": 2, ""CWE-494"": 1, ""CWE-502"": 4, ""CWE-78"": 2}","{""B301"": 2, ""B310"": 1, ""B311"": 2, ""B324"": 1, ""B403"": 2, ""B404"": 1, ""B602"": 1, ""B615"": 1}",0,942,3433,3.644,84,63.234,0.0,0,797,9350,2854,3.581,77,72957,2.513,24,815,2857,3.506,124,,complexipy==7.0.1 radon==6.0.1 lizard==1.24.0 bandit==1.9.4,4,0,0,0,1,0,4,10,271,18,5,75,14
Lightning-AI/litData,2026-01,8,post,016caed52595cf0484331764cfa1c8a0f5cc35bf,2026-01-28T14:25:57Z,0,sq-c,ba_Lightning-AI_litData__2026-01,10899,62,820,7814,126,2635,2665,146,1434,0.4,0,3,0,149,0,62,51,16,20,1.3,22.2,ok,7.7,13.8,12634,12634,11031,119,63,0,0,1.8.8+44a68d3a47fcbcd6a6a76ec7d1c1b3a1a28b201e,1,1,1,0,1,0,0,"{""CWE-312"": 1, ""CWE-315"": 1, ""CWE-359"": 1}",ok,1.4,63,17059,11039,8907,1461,3206,11,2,4,5,11,0,0,12529,0,0,"{""CWE-22"": 1, ""CWE-327"": 1, ""CWE-330"": 2, ""CWE-494"": 1, ""CWE-502"": 4, ""CWE-78"": 2}","{""B301"": 2, ""B310"": 1, ""B311"": 2, ""B324"": 1, ""B403"": 2, ""B404"": 1, ""B602"": 1, ""B615"": 1}",0,943,3466,3.676,86,63.046,0.0,0,798,9380,2885,3.615,79,72615,2.51,25,816,2870,3.517,124,,complexipy==7.0.1 radon==6.0.1 lizard==1.24.0 bandit==1.9.4,14,0,0,6,0,0,7,63,793,563,40,572,499
Lightning-AI/litData,2026-02,9,post,83fae9a18f1a8d87d229dfbaaad6783a849a10bf,2026-02-19T14:11:22Z,0,sq-b,ba_Lightning-AI_litData__2026-02,11124,63,841,8034,129,2710,2761,147,1436,0.4,0,3,0,150,0,63,51,16,20,1.3,23.0,ok,8.2,14.1,13033,13033,11256,122,64,0,0,1.8.8+44a68d3a47fcbcd6a6a76ec7d1c1b3a1a28b201e,1,1,1,0,1,0,0,"{""CWE-312"": 1, ""CWE-315"": 1, ""CWE-359"": 1}",ok,1.5,64,17543,11264,9135,1487,3297,11,2,4,5,11,0,0,12895,0,0,"{""CWE-22"": 1, ""CWE-327"": 1, ""CWE-330"": 2, ""CWE-494"": 1, ""CWE-502"": 4, ""CWE-78"": 2}","{""B301"": 2, ""B310"": 1, ""B311"": 2, ""B324"": 1, ""B403"": 2, ""B404"": 1, ""B602"": 1, ""B615"": 1}",0,965,3566,3.695,86,62.685,0.0,0,819,9584,2976,3.634,79,74262,2.498,25,835,2988,3.578,124,,complexipy==7.0.1 radon==6.0.1 lizard==1.24.0 bandit==1.9.4,4,0,0,1,0,0,3,13,887,76,7,554,70
Lightning-AI/litData,2026-03,10,post,e400e0e686c5ce24f2ec827436a4ba220c88669a,2026-03-30T12:27:39Z,0,sq-c,ba_Lightning-AI_litData__2026-03,11154,64,843,8059,129,2714,2765,147,1436,0.4,0,3,0,150,0,63,51,16,20,1.3,23.0,ok,7.6,14.2,13063,13063,11286,123,65,0,0,1.8.8+44a68d3a47fcbcd6a6a76ec7d1c1b3a1a28b201e,1,1,1,0,1,0,0,"{""CWE-312"": 1, ""CWE-315"": 1, ""CWE-359"": 1}",ok,1.4,65,17597,11294,9160,1507,3305,11,2,4,5,11,0,0,12925,0,0,"{""CWE-22"": 1, ""CWE-327"": 1, ""CWE-330"": 2, ""CWE-494"": 1, ""CWE-502"": 4, ""CWE-78"": 2}","{""B301"": 2, ""B310"": 1, ""B311"": 2, ""B324"": 1, ""B403"": 2, ""B404"": 1, ""B602"": 1, ""B615"": 1}",0,967,3572,3.694,86,63.239,0.0,0,821,9604,2982,3.632,79,74397,2.497,25,837,2992,3.575,124,,complexipy==7.0.1 radon==6.0.1 lizard==1.24.0 bandit==1.9.4,5,0,0,3,0,0,3,9,76,4,3,54,0
Lightning-AI/litData,2026-04,11,post,808fe0789060e7e68713fd6ad21c817b2fde745b,2026-04-28T09:01:52+01:00,0,sq-a,ba_Lightning-AI_litData__2026-04,11158,64,843,8063,129,2716,2767,145,1426,0.4,0,3,0,148,0,61,51,16,20,1.3,23.0,ok,7.8,14.2,13067,13067,11290,123,65,0,0,1.8.8+44a68d3a47fcbcd6a6a76ec7d1c1b3a1a28b201e,1,1,1,0,1,0,0,"{""CWE-312"": 1, ""CWE-315"": 1, ""CWE-359"": 1}",ok,1.5,65,17602,11298,9164,1507,3306,11,2,4,5,11,0,0,12929,0,0,"{""CWE-22"": 1, ""CWE-327"": 1, ""CWE-330"": 2, ""CWE-494"": 1, ""CWE-502"": 4, ""CWE-78"": 2}","{""B301"": 2, ""B310"": 1, ""B311"": 2, ""B324"": 1, ""B403"": 2, ""B404"": 1, ""B602"": 1, ""B615"": 1}",0,967,3574,3.696,86,63.225,0.0,0,821,9608,2984,3.635,79,74413,2.497,25,837,2994,3.577,124,,complexipy==7.0.1 radon==6.0.1 lizard==1.24.0 bandit==1.9.4,6,0,0,4,0,0,3,9,22,17,3,14,9
Lightning-AI/litData,2026-05,12,post,3a32e7fc0a66bffdb99d3b974a6d0bdd86a2a728,2026-05-29T06:47:06+01:00,0,sq-a,ba_Lightning-AI_litData__2026-05,11218,64,847,8117,129,2739,2789,146,1432,0.4,0,3,0,149,0,62,51,16,20,1.3,23.0,ok,7.8,13.8,13128,13128,11350,123,65,0,0,1.8.8+44a68d3a47fcbcd6a6a76ec7d1c1b3a1a28b201e,1,1,1,0,1,0,0,"{""CWE-312"": 1, ""CWE-315"": 1, ""CWE-359"": 1}",ok,1.5,65,17691,11358,9221,1515,3326,11,2,4,5,11,0,0,12990,0,0,"{""CWE-22"": 1, ""CWE-327"": 1, ""CWE-330"": 2, ""CWE-494"": 1, ""CWE-502"": 4, ""CWE-78"": 2}","{""B301"": 2, ""B310"": 1, ""B311"": 2, ""B324"": 1, ""B403"": 2, ""B404"": 1, ""B602"": 1, ""B615"": 1}",0,970,3599,3.71,86,63.143,0.0,0,825,9668,3012,3.651,79,74882,2.491,25,840,3022,3.598,124,,complexipy==7.0.1 radon==6.0.1 lizard==1.24.0 bandit==1.9.4,9,0,0,0,0,0,6,26,490,52,9,117,28
