repo,month,offset,sha,commit_date,carried,status,seconds,py_files,loc,sloc,lloc,comments,blank,bandit_findings,bandit_sev_high,bandit_sev_medium,bandit_sev_low,bandit_conf_high,bandit_conf_medium,bandit_conf_low,bandit_loc,bandit_nosec,bandit_skipped,bandit_cwes,bandit_tests,bandit_errors,radon_blocks,radon_cc_total,radon_cc_mean,radon_cc_max,radon_mi_mean,radon_mi_min,radon_errors,lizard_functions,lizard_nloc,lizard_ccn_total,lizard_ccn_mean,lizard_ccn_max,lizard_token_total,lizard_params_mean,lizard_warnings,complexipy_functions,complexipy_total,complexipy_mean,complexipy_max,tool_errors,versions
electricitymaps/electricitymaps-contrib,2023-10,-12,53019bf19c233a21e614f8386625dda2ff3de9a4,2023-10-31T22:55:15Z,0,ok,4.1,149,28747,21788,12068,1825,4357,13,2,7,4,10,0,3,22930,0,0,"{""CWE-20"": 4, ""CWE-22"": 2, ""CWE-78"": 4, ""CWE-89"": 3}","{""B310"": 2, ""B314"": 2, ""B404"": 2, ""B405"": 2, ""B602"": 2, ""B608"": 3}",0,736,2861,3.887,30,63.536,20.701,0,701,15794,2726,3.889,30,100543,2.609,12,680,3010,4.426,51,,complexipy==7.0.1 radon==6.0.1 lizard==1.24.0 bandit==1.9.4
electricitymaps/electricitymaps-contrib,2023-11,-11,6ec7d32f4a500ed25311f16fddea43183a8e6ba2,2023-12-01T00:17:41+01:00,0,ok,4.1,160,30380,23209,12932,1836,4570,14,2,8,4,11,0,3,24349,0,0,"{""CWE-20"": 4, ""CWE-22"": 2, ""CWE-78"": 5, ""CWE-89"": 3}","{""B307"": 1, ""B310"": 2, ""B314"": 2, ""B404"": 2, ""B405"": 2, ""B602"": 2, ""B608"": 3}",0,788,3052,3.873,30,62.164,18.349,0,749,16733,2913,3.889,30,106884,2.599,12,732,3240,4.426,51,,complexipy==7.0.1 radon==6.0.1 lizard==1.24.0 bandit==1.9.4
electricitymaps/electricitymaps-contrib,2023-12,-10,de831db9df245f426a58583e0ba139aaa6e4468f,2023-12-29T12:00:01Z,0,ok,4.2,160,30393,23256,12943,1811,4558,14,2,8,4,11,0,3,24400,0,0,"{""CWE-20"": 4, ""CWE-22"": 2, ""CWE-78"": 5, ""CWE-89"": 3}","{""B307"": 1, ""B310"": 2, ""B314"": 2, ""B404"": 2, ""B405"": 2, ""B602"": 2, ""B608"": 3}",0,790,3058,3.871,30,61.862,18.349,0,752,16759,2918,3.88,30,107162,2.581,11,735,3244,4.414,51,,complexipy==7.0.1 radon==6.0.1 lizard==1.24.0 bandit==1.9.4
electricitymaps/electricitymaps-contrib,2024-01,-9,fa750169f217ff2a8bc106b9b3925ca1a45fb3f4,2024-01-31T23:55:03+01:00,0,ok,4.2,158,30180,23051,12879,1825,4541,14,2,8,4,11,0,3,24195,0,0,"{""CWE-20"": 4, ""CWE-22"": 2, ""CWE-78"": 5, ""CWE-89"": 3}","{""B307"": 1, ""B310"": 2, ""B314"": 2, ""B404"": 2, ""B405"": 2, ""B602"": 2, ""B608"": 3}",0,794,3057,3.85,30,61.669,26.821,0,754,16577,2922,3.875,30,106464,2.597,11,738,3204,4.341,51,,complexipy==7.0.1 radon==6.0.1 lizard==1.24.0 bandit==1.9.4
electricitymaps/electricitymaps-contrib,2024-02,-8,b76526307096c11d340b871acd4150daf5e3d82a,2024-02-29T22:11:18+01:00,0,ok,4.2,161,30509,23307,13045,1826,4601,14,2,8,4,11,0,3,24468,0,0,"{""CWE-20"": 4, ""CWE-22"": 2, ""CWE-78"": 5, ""CWE-89"": 3}","{""B307"": 1, ""B310"": 2, ""B314"": 2, ""B404"": 2, ""B405"": 2, ""B602"": 2, ""B608"": 3}",0,813,3112,3.828,30,61.648,24.57,0,770,16720,2973,3.861,30,107554,2.578,11,754,3197,4.24,51,,complexipy==7.0.1 radon==6.0.1 lizard==1.24.0 bandit==1.9.4
electricitymaps/electricitymaps-contrib,2024-03,-7,be41bf2b6730caeb1010745a4e1403ba8cd1cbfa,2024-03-31T15:41:00Z,0,ok,4.1,162,30625,23426,13117,1799,4608,14,2,8,4,11,0,3,24590,0,0,"{""CWE-20"": 4, ""CWE-22"": 2, ""CWE-78"": 5, ""CWE-89"": 3}","{""B307"": 1, ""B310"": 2, ""B314"": 2, ""B404"": 2, ""B405"": 2, ""B602"": 2, ""B608"": 3}",0,826,3148,3.811,30,61.401,21.282,0,783,16763,3004,3.837,30,108438,2.507,11,767,3188,4.156,51,,complexipy==7.0.1 radon==6.0.1 lizard==1.24.0 bandit==1.9.4
electricitymaps/electricitymaps-contrib,2024-04,-6,da6f17a9d4dfcf711052a56e3d0eeeb65f343100,2024-04-30T08:59:48Z,0,ok,4.1,163,30882,23679,13212,1790,4656,14,2,8,4,11,0,3,24805,0,0,"{""CWE-20"": 4, ""CWE-22"": 2, ""CWE-78"": 5, ""CWE-89"": 3}","{""B307"": 1, ""B310"": 2, ""B314"": 2, ""B404"": 2, ""B405"": 2, ""B602"": 2, ""B608"": 3}",0,832,3162,3.8,27,61.162,21.127,0,781,16933,3025,3.873,27,109168,2.498,11,766,3189,4.163,51,,complexipy==7.0.1 radon==6.0.1 lizard==1.24.0 bandit==1.9.4
electricitymaps/electricitymaps-contrib,2024-05,-5,36bdafe19090688058a195a3cfd0ba79b46487fe,2024-05-29T14:15:16Z,0,ok,4.2,163,31115,23856,13310,1799,4692,14,2,8,4,11,0,3,24991,0,0,"{""CWE-20"": 4, ""CWE-22"": 2, ""CWE-78"": 5, ""CWE-89"": 3}","{""B307"": 1, ""B310"": 2, ""B314"": 2, ""B404"": 2, ""B405"": 2, ""B602"": 2, ""B608"": 3}",0,834,3194,3.83,27,60.985,21.127,0,785,17051,3059,3.897,27,109742,2.497,11,770,3242,4.21,51,,complexipy==7.0.1 radon==6.0.1 lizard==1.24.0 bandit==1.9.4
electricitymaps/electricitymaps-contrib,2024-06,-4,0c7b719e1272c24462b307c91c38db6a9b429681,2024-06-29T08:14:53Z,0,ok,4.2,163,31214,23961,13291,1774,4692,14,2,8,4,11,0,3,25111,0,0,"{""CWE-20"": 4, ""CWE-22"": 2, ""CWE-78"": 5, ""CWE-89"": 3}","{""B307"": 1, ""B310"": 2, ""B314"": 2, ""B404"": 2, ""B405"": 2, ""B602"": 2, ""B608"": 3}",0,838,3200,3.819,27,60.932,21.127,0,789,17128,3065,3.885,27,109719,2.494,11,774,3241,4.187,51,,complexipy==7.0.1 radon==6.0.1 lizard==1.24.0 bandit==1.9.4
electricitymaps/electricitymaps-contrib,2024-07,-3,f0e2478690919619da6118ad190008fe636dfeff,2024-07-31T11:04:36Z,0,ok,4.1,163,31225,23969,13298,1774,4698,14,2,8,4,11,0,3,25116,0,0,"{""CWE-20"": 4, ""CWE-22"": 2, ""CWE-78"": 5, ""CWE-89"": 3}","{""B307"": 1, ""B310"": 2, ""B314"": 2, ""B404"": 2, ""B405"": 2, ""B602"": 2, ""B608"": 3}",0,838,3200,3.819,27,60.891,21.127,0,789,17123,3064,3.883,27,109795,2.489,11,774,3241,4.187,51,,complexipy==7.0.1 radon==6.0.1 lizard==1.24.0 bandit==1.9.4
electricitymaps/electricitymaps-contrib,2024-08,-2,8e6e2dec88655899ba93a13fcb32c74972a23163,2024-08-30T20:15:34+02:00,0,ok,4.3,164,31462,24150,13409,1785,4747,14,2,8,4,11,0,3,25297,0,0,"{""CWE-20"": 4, ""CWE-22"": 2, ""CWE-78"": 5, ""CWE-89"": 3}","{""B307"": 1, ""B310"": 2, ""B314"": 2, ""B404"": 2, ""B405"": 2, ""B602"": 2, ""B608"": 3}",0,850,3234,3.805,27,60.825,21.127,0,797,17243,3094,3.882,27,110627,2.488,11,782,3266,4.176,51,,complexipy==7.0.1 radon==6.0.1 lizard==1.24.0 bandit==1.9.4
electricitymaps/electricitymaps-contrib,2024-09,-1,ba31788b4c72b8e1cee94bac07382bd542b56613,2024-09-30T12:26:19Z,0,ok,4.2,164,31622,24279,13472,1790,4765,14,2,8,4,11,0,3,25437,0,0,"{""CWE-20"": 4, ""CWE-22"": 2, ""CWE-78"": 5, ""CWE-89"": 3}","{""B307"": 1, ""B310"": 2, ""B314"": 2, ""B404"": 2, ""B405"": 2, ""B602"": 2, ""B608"": 3}",0,849,3230,3.804,27,60.729,21.127,0,797,17305,3100,3.89,27,111258,2.487,12,781,3260,4.174,51,,complexipy==7.0.1 radon==6.0.1 lizard==1.24.0 bandit==1.9.4
electricitymaps/electricitymaps-contrib,2024-10,0,e2f61e3a2416a9e10ea6265d46459f75d5e2cdb8,2024-10-31T11:38:10+01:00,0,ok,4.2,166,31728,24351,13529,1812,4791,14,2,8,4,11,0,3,25508,0,0,"{""CWE-20"": 4, ""CWE-22"": 2, ""CWE-78"": 5, ""CWE-89"": 3}","{""B307"": 1, ""B310"": 2, ""B314"": 2, ""B404"": 2, ""B405"": 2, ""B602"": 2, ""B608"": 3}",0,852,3252,3.817,27,60.866,20.762,0,800,17361,3121,3.901,27,111682,2.482,12,784,3290,4.196,51,,complexipy==7.0.1 radon==6.0.1 lizard==1.24.0 bandit==1.9.4
electricitymaps/electricitymaps-contrib,2024-11,1,e56cab385a5aec863c484da3f1e4d2ecc85f4136,2024-11-29T16:40:22Z,0,ok,4.2,167,32289,24809,13777,1838,4870,14,2,8,4,11,0,3,25966,0,0,"{""CWE-20"": 4, ""CWE-22"": 2, ""CWE-78"": 5, ""CWE-89"": 3}","{""B307"": 1, ""B310"": 2, ""B314"": 2, ""B404"": 2, ""B405"": 2, ""B602"": 2, ""B608"": 3}",0,864,3329,3.853,27,60.694,20.762,0,812,17755,3198,3.938,27,114102,2.496,12,796,3407,4.28,51,,complexipy==7.0.1 radon==6.0.1 lizard==1.24.0 bandit==1.9.4
electricitymaps/electricitymaps-contrib,2024-12,2,5f71d6672f3be50aa9a73806dbe8b42b3b83e34d,2024-12-31T12:50:17+01:00,0,ok,4.2,167,32219,24779,13783,1798,4843,14,2,8,4,11,0,3,25933,0,0,"{""CWE-20"": 4, ""CWE-22"": 2, ""CWE-78"": 5, ""CWE-89"": 3}","{""B307"": 1, ""B310"": 2, ""B314"": 2, ""B404"": 2, ""B405"": 2, ""B602"": 2, ""B608"": 3}",0,860,3325,3.866,27,60.73,20.762,0,808,17741,3203,3.964,27,113870,2.509,12,792,3426,4.326,51,,complexipy==7.0.1 radon==6.0.1 lizard==1.24.0 bandit==1.9.4
electricitymaps/electricitymaps-contrib,2025-01,3,498e50a38768eb487717a0b0eedf666caea14745,2025-01-31T13:38:33Z,0,ok,4.3,167,32358,24831,13828,1908,4849,13,2,7,4,10,0,3,25954,0,0,"{""CWE-20"": 4, ""CWE-22"": 2, ""CWE-78"": 4, ""CWE-89"": 3}","{""B310"": 2, ""B314"": 2, ""B404"": 2, ""B405"": 2, ""B602"": 2, ""B608"": 3}",0,860,3336,3.879,27,61.053,20.5,0,807,17714,3207,3.974,27,113719,2.496,11,791,3407,4.307,51,,complexipy==7.0.1 radon==6.0.1 lizard==1.24.0 bandit==1.9.4
electricitymaps/electricitymaps-contrib,2025-02,4,57b1d1f863764ee12c7d4178df2da8ea06433db2,2025-02-28T09:58:08Z,0,ok,4.3,167,32728,25109,13887,1988,4895,13,2,7,4,10,0,3,26248,0,0,"{""CWE-20"": 4, ""CWE-22"": 2, ""CWE-78"": 4, ""CWE-89"": 3}","{""B310"": 2, ""B314"": 2, ""B404"": 2, ""B405"": 2, ""B602"": 2, ""B608"": 3}",0,868,3357,3.868,27,61.08,20.5,0,813,17871,3223,3.964,27,114621,2.497,11,798,3410,4.273,51,,complexipy==7.0.1 radon==6.0.1 lizard==1.24.0 bandit==1.9.4
electricitymaps/electricitymaps-contrib,2025-03,5,fd658701c49fe7948da88333f5e5d961160860fd,2025-03-31T20:58:36+02:00,0,ok,4.4,167,33720,25768,14220,2116,5020,13,2,7,4,10,0,3,27017,0,0,"{""CWE-20"": 4, ""CWE-22"": 2, ""CWE-78"": 4, ""CWE-89"": 3}","{""B310"": 2, ""B314"": 2, ""B404"": 2, ""B405"": 2, ""B602"": 2, ""B608"": 3}",0,891,3463,3.887,27,61.122,18.435,0,830,18518,3318,3.998,27,118673,2.508,12,815,3519,4.318,51,,complexipy==7.0.1 radon==6.0.1 lizard==1.24.0 bandit==1.9.4
electricitymaps/electricitymaps-contrib,2025-04,6,1caf58afddae09e1fbb63019e65ab373ce00238a,2025-04-30T22:10:46+02:00,0,ok,4.4,168,34108,26046,14382,2166,5082,13,2,7,4,10,0,3,27307,0,0,"{""CWE-20"": 4, ""CWE-22"": 2, ""CWE-78"": 4, ""CWE-89"": 3}","{""B310"": 2, ""B314"": 2, ""B404"": 2, ""B405"": 2, ""B602"": 2, ""B608"": 3}",0,894,3506,3.922,27,61.095,18.435,0,833,18727,3363,4.037,27,120023,2.508,13,818,3566,4.359,51,,complexipy==7.0.1 radon==6.0.1 lizard==1.24.0 bandit==1.9.4
electricitymaps/electricitymaps-contrib,2025-05,7,5b93842dd90d5e85d5e6ce947d1fcb4648c1f6b8,2025-05-31T21:52:27Z,0,ok,4.4,169,34549,26256,14602,2187,5189,13,2,7,4,10,0,3,27621,0,0,"{""CWE-20"": 4, ""CWE-22"": 2, ""CWE-78"": 4, ""CWE-89"": 3}","{""B310"": 2, ""B314"": 2, ""B404"": 2, ""B405"": 2, ""B602"": 2, ""B608"": 3}",0,912,3583,3.929,27,61.253,18.435,0,848,19049,3431,4.046,27,122219,2.501,13,833,3668,4.403,51,,complexipy==7.0.1 radon==6.0.1 lizard==1.24.0 bandit==1.9.4
electricitymaps/electricitymaps-contrib,2025-06,8,7546f174835540cfb25c0d4962372d790c8fc794,2025-06-26T09:23:13Z,0,ok,4.5,170,35411,26919,14949,2265,5311,13,2,7,4,10,0,3,28297,0,0,"{""CWE-20"": 4, ""CWE-22"": 2, ""CWE-78"": 4, ""CWE-89"": 3}","{""B310"": 2, ""B314"": 2, ""B404"": 2, ""B405"": 2, ""B602"": 2, ""B608"": 3}",0,936,3676,3.927,27,61.094,12.976,0,870,19635,3518,4.044,27,125684,2.516,13,854,3756,4.398,51,,complexipy==7.0.1 radon==6.0.1 lizard==1.24.0 bandit==1.9.4
electricitymaps/electricitymaps-contrib,2025-07,9,906f851f41fae29c9a6201ea43020519af8c3c9d,2025-07-31T16:38:13+02:00,0,ok,4.4,170,35174,26714,14883,2237,5317,13,2,7,4,10,0,3,28077,0,0,"{""CWE-20"": 4, ""CWE-22"": 2, ""CWE-78"": 4, ""CWE-89"": 3}","{""B310"": 2, ""B314"": 2, ""B404"": 2, ""B405"": 2, ""B602"": 2, ""B608"": 3}",0,931,3657,3.928,26,61.317,12.976,0,861,19523,3489,4.052,26,124505,2.501,13,849,3714,4.375,51,,complexipy==7.0.1 radon==6.0.1 lizard==1.24.0 bandit==1.9.4
electricitymaps/electricitymaps-contrib,2025-08,10,77f160d6b3457df6138ac3e59ca87badbc4e60b1,2025-08-28T12:57:32Z,0,ok,4.5,172,35548,27021,15050,2282,5351,13,2,7,4,10,0,3,28374,0,0,"{""CWE-20"": 4, ""CWE-22"": 2, ""CWE-78"": 4, ""CWE-89"": 3}","{""B310"": 2, ""B314"": 2, ""B404"": 2, ""B405"": 2, ""B602"": 2, ""B608"": 3}",0,942,3681,3.908,26,61.312,12.976,0,872,19709,3513,4.029,26,125934,2.499,12,860,3751,4.362,51,,complexipy==7.0.1 radon==6.0.1 lizard==1.24.0 bandit==1.9.4
electricitymaps/electricitymaps-contrib,2025-09,11,985aeced804b988411ac15e28c8e24348089a8a8,2025-09-30T07:52:31Z,0,ok,4.5,173,35576,27063,15084,2280,5356,13,2,7,4,10,0,3,28398,0,0,"{""CWE-20"": 4, ""CWE-22"": 2, ""CWE-78"": 4, ""CWE-89"": 3}","{""B310"": 2, ""B314"": 2, ""B404"": 2, ""B405"": 2, ""B602"": 2, ""B608"": 3}",0,942,3691,3.918,26,61.434,12.976,0,872,19734,3522,4.039,26,126144,2.5,12,860,3762,4.374,51,,complexipy==7.0.1 radon==6.0.1 lizard==1.24.0 bandit==1.9.4
electricitymaps/electricitymaps-contrib,2025-10,12,f6474a46ac793736fa034b3853b9ab032133c342,2025-10-31T09:09:51Z,0,ok,4.4,175,35874,27193,15209,2348,5411,13,2,7,4,10,0,3,28573,0,0,"{""CWE-20"": 4, ""CWE-22"": 2, ""CWE-78"": 4, ""CWE-89"": 3}","{""B310"": 2, ""B314"": 2, ""B404"": 2, ""B405"": 2, ""B602"": 2, ""B608"": 3}",0,952,3727,3.915,26,61.465,12.976,0,878,19790,3553,4.047,26,126345,2.476,12,866,3769,4.352,51,,complexipy==7.0.1 radon==6.0.1 lizard==1.24.0 bandit==1.9.4
