repo,month,offset,sha,commit_date,carried,status,db_seconds,analyze_seconds,loc,loc_user,baseline_loc,py_files,extracted_files,extractor_diagnostics,eval_errors,pack_version,results,path_problems,rules_fired,sev_critical,sev_high,sev_medium,sev_low,cwes
jbloomAus/SAELens,2024-07,-12,7c7a271ef04c8a1984f765c11ba3774daa0f289c,2024-07-31T11:54:07-07:00,0,ok,8.2,14.1,6609,6609,6016,75,38,0,0,1.8.8+44a68d3a47fcbcd6a6a76ec7d1c1b3a1a28b201e,0,0,0,0,0,0,0,{}
jbloomAus/SAELens,2024-08,-11,363f9a66e0cbf88ed6afc4b5a24ace77464839f9,2024-08-25T14:58:33Z,0,ok,6.3,13.4,6801,6801,6193,77,39,0,0,1.8.8+44a68d3a47fcbcd6a6a76ec7d1c1b3a1a28b201e,0,0,0,0,0,0,0,{}
jbloomAus/SAELens,2024-09,-10,7d9fe10d4173ea90030866bf7621151fdbf7d24c,2024-09-29T15:37:37-04:00,0,ok,6.3,13.5,7028,7028,6419,76,38,0,0,1.8.8+44a68d3a47fcbcd6a6a76ec7d1c1b3a1a28b201e,0,0,0,0,0,0,0,{}
jbloomAus/SAELens,2024-10,-9,9cb99e1808e61ad1ab1b16400f8d33b3be5be3e3,2024-10-30T23:58:20Z,0,ok,6.5,14.4,7462,7462,6825,78,39,0,0,1.8.8+44a68d3a47fcbcd6a6a76ec7d1c1b3a1a28b201e,0,0,0,0,0,0,0,{}
jbloomAus/SAELens,2024-11,-8,d027158e2b4de4db25e15457f203f8aa0a9c193b,2024-11-30T12:29:28Z,0,ok,7.0,14.1,8087,8087,7350,80,39,0,0,1.8.8+44a68d3a47fcbcd6a6a76ec7d1c1b3a1a28b201e,0,0,0,0,0,0,0,{}
jbloomAus/SAELens,2024-12,-7,c91763bb48c321619b6991ef6a590008e4a58e3b,2024-12-29T16:53:45Z,0,ok,6.6,13.9,8153,8153,7394,80,39,0,0,1.8.8+44a68d3a47fcbcd6a6a76ec7d1c1b3a1a28b201e,0,0,0,0,0,0,0,{}
jbloomAus/SAELens,2025-01,-6,4875f982ed3ed61fc89215b9848b6fd9d01e69ac,2025-01-31T21:58:31Z,0,ok,6.6,14.1,8221,8221,7463,80,39,0,0,1.8.8+44a68d3a47fcbcd6a6a76ec7d1c1b3a1a28b201e,0,0,0,0,0,0,0,{}
jbloomAus/SAELens,2025-02,-5,ffa436c5daa49d78933da45695e6c6817474d7f7,2025-02-25T19:36:13Z,0,ok,6.8,14.2,7660,7660,6959,71,35,0,0,1.8.8+44a68d3a47fcbcd6a6a76ec7d1c1b3a1a28b201e,0,0,0,0,0,0,0,{}
jbloomAus/SAELens,2025-03,-4,2cb39cb087f9570a4a3ce4ee9a80fe1c428f9500,2025-03-21T11:58:21-07:00,0,ok,6.6,13.5,7675,7675,6975,71,35,0,0,1.8.8+44a68d3a47fcbcd6a6a76ec7d1c1b3a1a28b201e,0,0,0,0,0,0,0,{}
jbloomAus/SAELens,2025-04,-3,530cf6d0c61c00d4aad2f7459b96440abc7d8eed,2025-04-29T22:41:09Z,0,ok,6.6,14.0,7877,7877,7170,72,36,0,0,1.8.8+44a68d3a47fcbcd6a6a76ec7d1c1b3a1a28b201e,0,0,0,0,0,0,0,{}
jbloomAus/SAELens,2025-05,-2,0c4298907309a3277960150669c482deeac0a11e,2025-05-28T13:43:20+01:00,0,ok,6.7,14.9,7880,7880,7172,72,36,0,0,1.8.8+44a68d3a47fcbcd6a6a76ec7d1c1b3a1a28b201e,0,0,0,0,0,0,0,{}
jbloomAus/SAELens,2025-06,-1,abcf9a603acf9344d249f0a595e89be45b77b7cf,2025-06-12T01:03:37-07:00,0,ok,6.7,13.7,7880,7880,7172,72,36,0,0,1.8.8+44a68d3a47fcbcd6a6a76ec7d1c1b3a1a28b201e,0,0,0,0,0,0,0,{}
jbloomAus/SAELens,2025-07,0,fecb4e6dcbd52378715cebf557ae5246eb96f7a0,2025-07-31T07:35:35Z,0,ok,6.8,14.5,8751,8751,7839,109,46,0,0,1.8.8+44a68d3a47fcbcd6a6a76ec7d1c1b3a1a28b201e,0,0,0,0,0,0,0,{}
jbloomAus/SAELens,2025-08,1,e0b1ec3663b52428b00177d6ca551c9286c63811,2025-08-30T23:18:35Z,0,ok,6.8,14.2,9072,9072,8064,111,47,0,0,1.8.8+44a68d3a47fcbcd6a6a76ec7d1c1b3a1a28b201e,0,0,0,0,0,0,0,{}
jbloomAus/SAELens,2025-09,2,795363b64dce401db6adc9f05fffd6dd83f47920,2025-09-26T08:34:07-04:00,0,ok,6.8,13.8,9185,9185,8160,111,47,0,0,1.8.8+44a68d3a47fcbcd6a6a76ec7d1c1b3a1a28b201e,0,0,0,0,0,0,0,{}
jbloomAus/SAELens,2025-10,3,673ef1db0e797b11b0294635ca96e0c5dd067059,2025-10-28T11:23:36Z,0,ok,6.9,14.2,10249,10249,9008,117,50,0,0,1.8.8+44a68d3a47fcbcd6a6a76ec7d1c1b3a1a28b201e,0,0,0,0,0,0,0,{}
jbloomAus/SAELens,2025-11,4,bd44804c64ff0d2d920fb0896635f9d9830dafab,2025-11-24T15:11:25Z,0,ok,7.0,13.9,10201,10201,8960,117,50,0,0,1.8.8+44a68d3a47fcbcd6a6a76ec7d1c1b3a1a28b201e,0,0,0,0,0,0,0,{}
jbloomAus/SAELens,2025-12,5,3c0f86db678d0bc97040272ef2a645b3416fcacf,2025-12-31T14:22:22-05:00,0,ok,7.1,14.5,10760,10760,9402,119,51,0,0,1.8.8+44a68d3a47fcbcd6a6a76ec7d1c1b3a1a28b201e,0,0,0,0,0,0,0,{}
jbloomAus/SAELens,2026-01,6,ad9869e17ddd3bd831fc9482d5f5dbb5c9252212,2026-01-30T21:01:58-05:00,0,ok,7.1,14.4,13111,13111,11013,144,63,0,0,1.8.8+44a68d3a47fcbcd6a6a76ec7d1c1b3a1a28b201e,0,0,0,0,0,0,0,{}
jbloomAus/SAELens,2026-02,7,69c4c62b0dc24e5ba23fc773a0286149514b4a23,2026-02-27T23:26:43Z,0,ok,7.4,14.9,15920,15920,13152,166,74,0,0,1.8.8+44a68d3a47fcbcd6a6a76ec7d1c1b3a1a28b201e,0,0,0,0,0,0,0,{}
jbloomAus/SAELens,2026-03,8,647e1cd42d9b5d07256b6f411851ac6b86ba0d54,2026-03-19T14:21:00Z,0,ok,8.0,14.8,16082,16082,13278,166,74,0,0,1.8.8+44a68d3a47fcbcd6a6a76ec7d1c1b3a1a28b201e,0,0,0,0,0,0,0,{}
jbloomAus/SAELens,2026-04,9,8e8fc2ce002086645aebc420e530d077396a114f,2026-04-30T19:48:57-04:00,0,ok,8.1,14.3,16316,16316,13453,168,75,0,0,1.8.8+44a68d3a47fcbcd6a6a76ec7d1c1b3a1a28b201e,0,0,0,0,0,0,0,{}
jbloomAus/SAELens,2026-05,10,d0e63fc3851ecda7e3b2d914bf9472e417e0b197,2026-05-27T18:48:11-07:00,0,ok,8.1,14.8,17431,17431,14446,174,78,0,0,1.8.8+44a68d3a47fcbcd6a6a76ec7d1c1b3a1a28b201e,0,0,0,0,0,0,0,{}
jbloomAus/SAELens,2026-06,11,ccdfbe5dda0ad455e5b4620ffededa2769190113,2026-06-24T02:48:39-04:00,0,ok,7.7,15.0,17465,17465,14488,174,78,0,0,1.8.8+44a68d3a47fcbcd6a6a76ec7d1c1b3a1a28b201e,0,0,0,0,0,0,0,{}
jbloomAus/SAELens,2026-07,12,8be14080485952f729ed58d674bcddf9778e0aa4,2026-07-28T06:13:35Z,0,ok,7.8,14.7,17643,17643,14636,174,78,0,0,1.8.8+44a68d3a47fcbcd6a6a76ec7d1c1b3a1a28b201e,0,0,0,0,0,0,0,{}
