outcome,rq,tercile,repos,logged,dose_median,b2,b2_p,b2_pct,b3,b3_p,b3_pct
smells_per_kloc,RQ1,low,39,1,1.5429562676892177,0.015092579302183176,0.30802001681725055,1.520704742524237,0.0086075964066192,2.651622623241543e-05,0.8644748284186266
smells_per_kloc,RQ1,mid,39,1,3.7815126050420167,-0.03197753183343706,0.05966108982659859,-3.147165710913713,-0.003608379008396257,0.12420690054699837,-0.36018766322258866
smells_per_kloc,RQ1,high,39,1,9.407533598334279,-0.044894253001507956,0.029889262573436347,-4.390141895725552,-0.0020717564889836545,0.46960785442078934,-0.20696118827984167
violations_per_kloc,RQ1,low,39,1,1.5429562676892177,0.015520704187347596,0.28489982876031783,1.56417758782339,0.00863249438048676,1.7206989308450297e-05,0.8669861807407253
violations_per_kloc,RQ1,mid,39,1,3.7815126050420167,-0.029543326752214896,0.05850559575059977,-2.911118872905294,-0.004893443247481785,0.023393799915186888,-0.4881489859763444
violations_per_kloc,RQ1,high,39,1,9.407533598334279,-0.03474651166701792,0.11467033025681278,-3.4149783009393864,-0.005295005253757236,0.08279232191005995,-0.5281011423468152
cognitive_per_kloc,RQ1,low,39,0,1.5429562676892177,-1.9662415610453652,0.21764906528929395,,0.8060949311496411,0.00025970306845093894,
cognitive_per_kloc,RQ1,mid,39,0,3.7815126050420167,0.35367657939699826,0.9051043941968642,,-0.09355145360121847,0.819551372212548,
cognitive_per_kloc,RQ1,high,39,0,9.407533598334279,3.6593934029825954,0.07838107295583248,,2.34148226120684,4.405462009719961e-16,
cognitive_per_function,RQ1,low,39,1,1.5429562676892177,-0.0005956808062223164,0.9500388278587754,-0.059550342363379194,0.0023704437146785324,0.07155549932275707,0.2373255437618793
cognitive_per_function,RQ1,mid,39,1,3.7815126050420167,-5.461315806692963e-05,0.9968634567607247,-0.005461166679554541,0.0025668084427306124,0.1813570119747201,0.2570105515903087
cognitive_per_function,RQ1,high,39,1,9.407533598334279,0.027136711295217723,0.05193967652656233,2.750826514764859,0.009753125664581896,4.638391391146756e-07,0.9800842397629683
complexipy_per_function,RQ1,low,39,1,1.5429562676892177,0.00011943784507675909,0.990183336932491,0.011944497806015697,0.00265622526665118,0.04799138286905946,0.2659756158574167
complexipy_per_function,RQ1,mid,39,1,3.7815126050420167,-0.0035365591616804246,0.8060117677818656,-0.3530312901920407,0.0007573301345458598,0.7036251386785898,0.07576169814202949
complexipy_per_function,RQ1,high,39,1,9.407533598334279,0.02763012088296464,0.06145964080984005,2.801537267273102,0.007959161711723395,0.00010133472352645189,0.7990920039942839
cyclomatic_radon,RQ1,low,39,1,1.5429562676892177,-0.0022373520183693444,0.7021197451341759,-0.22348510119005738,0.00041990516604352565,0.6039416475532258,0.04199933385586885
cyclomatic_radon,RQ1,mid,39,1,3.7815126050420167,0.001075803533461079,0.8831051290328107,0.10763824176522885,0.0029319543062866814,0.003744888716769186,0.29362566880817287
cyclomatic_radon,RQ1,high,39,1,9.407533598334279,0.01440045635567417,0.07476077779286153,1.4504642435607007,0.006403562038830359,1.0794182946378466e-08,0.6424108676031492
cyclomatic_lizard,RQ1,low,39,1,1.5429562676892177,-0.0017944537181823793,0.7578646770296122,-0.17928446487198713,0.0009558417113949887,0.23533165226008013,0.09562986736666446
cyclomatic_lizard,RQ1,mid,39,1,3.7815126050420167,-0.0008678102013185502,0.914815737333556,-0.08674337629460682,0.003102403262381736,0.005668496706292041,0.3107220695968582
cyclomatic_lizard,RQ1,high,39,1,9.407533598334279,0.015802245922435745,0.060924128165328426,1.5927761682623442,0.006681778396168516,1.0779394049550824e-08,0.6704151279894655
maintainability_radon,RQ1,low,39,0,1.5429562676892177,0.2577437244306554,0.3253579572048212,,-0.019760037252402354,0.5858162861561753,
maintainability_radon,RQ1,mid,39,0,3.7815126050420167,0.06762697131927516,0.8573773169908312,,0.08645997592151342,0.09648622686489138,
maintainability_radon,RQ1,high,39,0,9.407533598334279,-0.061264774975943584,0.8823723651655534,,-0.10454597762167249,0.06846154734836206,
lizard_warnings_per_kloc,RQ1,low,39,1,1.5429562676892177,0.003940447955151706,0.6909482061681822,0.3948221727556822,-0.0004336366481097552,0.7518632889237572,-0.04335426413272225
lizard_warnings_per_kloc,RQ1,mid,39,1,3.7815126050420167,0.030801492862409456,0.15647999756946585,3.1280766973221574,4.660590803797097e-05,0.9876247501404626,0.004660699411007663
lizard_warnings_per_kloc,RQ1,high,39,1,9.407533598334279,0.018088538426082046,0.3496532801512602,1.825312692805281,0.006798206859564151,0.01120051929635142,0.6821367120819932
duplication_pct,RQ1,low,39,1,1.5429562676892177,0.02784877181170305,0.3030710341958117,2.8240173764311427,-0.008277083529012227,0.026961300105432056,-0.8242922788547213
duplication_pct,RQ1,mid,39,1,3.7815126050420167,0.002135207770870375,0.9648886396863493,0.21374889502911998,-0.014514445508874705,0.03041081072788465,-1.4409618725050533
duplication_pct,RQ1,high,39,1,9.407533598334279,-0.006057470878791333,0.8902146141498967,-0.6039161390452796,-0.011166255394408646,0.06634795895498659,-1.110414416289407
debt_ratio_pct,RQ1,low,39,1,1.5429562676892177,5.929274386418934e-05,0.99011126163406,0.005929450171371364,0.0011955851612948738,0.07090548239402278,0.1196300158152086
debt_ratio_pct,RQ1,mid,39,1,3.7815126050420167,-0.015207983749186872,0.02137810403846793,-1.5092926366370052,-0.0011228884946016362,0.2190037917950194,-0.11222582912208123
debt_ratio_pct,RQ1,high,39,1,9.407533598334279,-0.0020493365667567888,0.7615366634457699,-0.20472381103008308,0.002145337374683126,0.021886101803360546,0.21476402574345244
comment_density_pct,RQ1,low,39,1,1.5429562676892177,0.006243113070910579,0.5839707679177292,0.626264192043835,0.006747211148168474,1.8952024315644554e-05,0.6770024858083978
comment_density_pct,RQ1,mid,39,1,3.7815126050420167,0.04299961345956354,0.006126690789995954,4.393749132648117,-0.0008118294360172567,0.708138549932386,-0.08114999916575272
comment_density_pct,RQ1,high,39,1,9.407533598334279,0.04944244371191256,0.06835203678814365,5.0685116939195085,0.022555522166245026,1.9729074298430945e-09,2.281182131593895
bugs_per_kloc,RQ1,low,39,1,1.5429562676892177,0.0009529988693627509,0.9357913554558133,0.09534531170729554,0.00019023225200898356,0.9074823062931139,0.019025034731123824
bugs_per_kloc,RQ1,mid,39,1,3.7815126050420167,-0.024532645690849855,0.10296084690938906,-2.423416615130891,-0.009888649833060184,1.9848659560457356e-06,-0.9839917898592954
bugs_per_kloc,RQ1,high,39,1,9.407533598334279,-0.019924488454486692,0.21863123477630408,-1.9727307581899667,-0.004564687008820865,0.04198405471691292,-0.4554284658919383
functions_per_kloc,RQ1,low,39,1,1.5429562676892177,-0.008048597778588022,0.41729922859660407,-0.8016294538845115,0.0003449296843564203,0.8016504741198001,0.03449891794402582
functions_per_kloc,RQ1,mid,39,1,3.7815126050420167,0.0001448648471607485,0.9896188681711252,0.01448753405794978,-0.00297022687155119,0.05362038527388766,-0.2965820111822004
functions_per_kloc,RQ1,high,39,1,9.407533598334279,-0.00980382212596516,0.39407434637942473,-0.9755921326603301,0.0028044392797806923,0.07854835031866056,0.2808375398292817
loc_per_function,RQ1,low,39,1,1.5429562676892177,0.007551241412206565,0.40583236159021097,0.7579823934853458,0.00019720806169884957,0.8753345647863741,0.019722750848694126
loc_per_function,RQ1,mid,39,1,3.7815126050420167,0.0009816853045770803,0.9102210760803315,0.09821673153103117,0.004536426504640903,0.0001635696808225859,0.45467316643308386
loc_per_function,RQ1,high,39,1,9.407533598334279,0.016781186409928633,0.1335580254059652,1.6922781454009828,0.0015162250576003405,0.32802293175097763,0.15173751079846642
sonar_vuln_per_kloc,RQ2,low,39,1,1.5429562676892177,-0.009872088929118828,0.38330730976972494,-0.9823519816803516,0.004021995984063615,0.010261844552292062,0.4030095064427419
sonar_vuln_per_kloc,RQ2,mid,39,1,3.7815126050420167,0.003562599643803481,0.8115274952516062,0.35689532447862327,-0.001986331954629228,0.33615302059480834,-0.19843605028474487
sonar_vuln_per_kloc,RQ2,high,39,1,9.407533598334279,0.0037828030304558878,0.865587374599535,0.37899668601100167,-0.0012335185400617437,0.6904218574522888,-0.12327580687846451
bandit_per_kloc,RQ2,low,39,1,1.5429562676892177,-0.02382752530564886,0.07554319314479672,-2.3545891140826503,-0.0028043786443477416,0.13064265360208563,-0.28004500478394645
bandit_per_kloc,RQ2,mid,39,1,3.7815126050420167,-0.012673836878827017,0.5218109215758708,-1.259386202748447,-0.006587305326288466,0.016018319490712887,-0.6565656592247393
bandit_per_kloc,RQ2,high,39,1,9.407533598334279,-0.024958236713885324,0.3082245824990577,-2.464935497419485,-0.007646052592666006,0.024289740896699937,-0.7616895891090492
bandit_high_per_kloc,RQ2,low,39,1,1.5429562676892177,0.003930816972662349,0.6346093126948154,0.3938552766374004,0.0019290849030148111,0.09188612711525476,0.19309467843462436
bandit_high_per_kloc,RQ2,mid,39,1,3.7815126050420167,0.008185133316257746,0.34465359125105655,0.8218723103042835,0.0018377968174231128,0.12479327198669754,0.18394866009951993
bandit_high_per_kloc,RQ2,high,39,1,9.407533598334279,-0.03222067670994408,0.09582815274174955,-3.1707121186360765,0.003593013857728334,0.18020623825762772,0.3599476469785978
codeql_per_kloc,RQ2,low,39,1,1.5429562676892177,-0.002716571795101382,0.8339189275692104,-0.27128852529501035,0.008121174570774853,5.898587037184022e-06,0.8154240760467557
codeql_per_kloc,RQ2,mid,39,1,3.7815126050420167,-0.03072024944591079,0.03851371800245638,-3.0253177655932606,-0.000705624621337333,0.7309578611269123,-0.07053757268297156
codeql_per_kloc,RQ2,high,39,1,9.407533598334279,0.026080477079101282,0.3857300591644084,2.6423548718806034,-0.0021386179521498826,0.607780984118566,-0.21363327381340724
codeql_high_per_kloc,RQ2,low,39,1,1.5429562676892177,-0.005441752160475989,0.4618392350483276,-0.542697264815517,0.005825848280365999,1.2484085600901172e-08,0.5842851537888327
codeql_high_per_kloc,RQ2,mid,39,1,3.7815126050420167,-0.013761036316481297,0.24621551267313602,-1.3666786078528892,-0.004771543500767711,0.0036291382969936446,-0.4760177771620633
codeql_high_per_kloc,RQ2,high,39,1,9.407533598334279,-0.02963237006249925,0.1716434920818911,-2.919763603389225,-0.0007710311649345691,0.7974456004730431,-0.0770733996786177
cwe_distinct,RQ2,low,39,1,1.5429562676892177,-0.03627712188069279,0.21784209086400574,-3.562699241210354,0.007160538481135789,0.0787803289348954,0.7186236437255689
cwe_distinct,RQ2,mid,39,1,3.7815126050420167,-0.0949438544460495,0.0052762507566938505,-9.057600685126976,-0.015895084972889606,0.0007285477159088711,-1.5769424783836916
cwe_distinct,RQ2,high,39,1,9.407533598334279,0.026543062732749742,0.4538615562055135,2.689846736381729,-0.010470931771017883,0.0330009645274682,-1.0416302404658295
