outcome,offset,coef,se,lo,hi
smells_per_kloc,-12,0.09668027164523588,0.023875473485879668,0.049884343612911726,0.14347619967756003
smells_per_kloc,-11,0.08397791341751148,0.018213398952938352,0.04827965146975231,0.11967617536527066
smells_per_kloc,-10,0.08004254925534393,0.01779660722079602,0.04516119910258373,0.11492389940810413
smells_per_kloc,-9,0.08972063115999548,0.016968818985750554,0.0564617459479244,0.12297951637206657
smells_per_kloc,-8,0.07468858921491792,0.016447702257506563,0.04245109279020506,0.10692608563963077
smells_per_kloc,-7,0.051249695568086756,0.012573512615695153,0.026605610841324255,0.07589378029484925
smells_per_kloc,-6,0.04666140370208434,0.0112465651346948,0.02461813603808253,0.06870467136608616
smells_per_kloc,-5,0.030997641882356278,0.009135197095925479,0.01309265557434234,0.048902628190370216
smells_per_kloc,-4,0.023532395770977113,0.007865298898585235,0.008116409929750051,0.03894838161220417
smells_per_kloc,-3,0.02009641736832233,0.00744449559721243,0.005505205997785966,0.034687628738858695
smells_per_kloc,-2,0.009219992108683274,0.005065404057148671,-0.0007081998433281205,0.01914818406069467
smells_per_kloc,0,-0.023017494059428982,0.007988758116377418,-0.03867545996752872,-0.007359528151329241
smells_per_kloc,1,-0.03897382667784116,0.009747002355053566,-0.058077951293746155,-0.01986970206193617
smells_per_kloc,2,-0.05366510024690855,0.010922619578191451,-0.07507343462016379,-0.03225676587365331
smells_per_kloc,3,-0.0608009615044182,0.011398674280542781,-0.08314236309428205,-0.03845955991455435
smells_per_kloc,4,-0.06974299687306951,0.012023603550142887,-0.09330925983134956,-0.04617673391478945
smells_per_kloc,5,-0.07285149224120824,0.012580109656019021,-0.09750850716700551,-0.04819447731541096
smells_per_kloc,6,-0.07730993289848716,0.012915628881919402,-0.10262456550704918,-0.051995300289925134
smells_per_kloc,7,-0.07734127048045394,0.014782479860579793,-0.10631493100719033,-0.048367609953717555
smells_per_kloc,8,-0.08493297343875642,0.017530657119041823,-0.11929306139207839,-0.05057288548543444
smells_per_kloc,9,-0.09340227669910518,0.018841639167202204,-0.1303318894668215,-0.05647266393138886
smells_per_kloc,10,-0.10883340162843089,0.019997271224405068,-0.14802805322826482,-0.06963875002859696
smells_per_kloc,11,-0.1228745304270575,0.020759581196508625,-0.1635633095722144,-0.08218575128190059
smells_per_kloc,12,-0.14343028549187137,0.021966377371843933,-0.18648438514068547,-0.10037618584305727
violations_per_kloc,-12,0.09735070449066076,0.0232506401836474,0.05177944973071186,0.14292195925060966
violations_per_kloc,-11,0.08648464635109451,0.017068869596889785,0.053029661941190534,0.11993963076099849
violations_per_kloc,-10,0.08262190245276,0.016824510043879706,0.04964586276675577,0.11559794213876422
violations_per_kloc,-9,0.09340807200061124,0.0170423433298155,0.060005079074172865,0.12681106492704963
violations_per_kloc,-8,0.07758400406686601,0.016130532929264807,0.04596815952550699,0.10919984860822504
violations_per_kloc,-7,0.0527837837628533,0.012373657901201228,0.028531414276498895,0.0770361532492077
violations_per_kloc,-6,0.04640309714901697,0.01083067581294756,0.025174972555639753,0.06763122174239419
violations_per_kloc,-5,0.0321607185885638,0.008782276082544895,0.014947457466775806,0.04937397971035179
violations_per_kloc,-4,0.024405612562077822,0.007508361124868814,0.009689224757334946,0.039122000366820696
violations_per_kloc,-3,0.0208001254024697,0.007401140856744994,0.006293889323249511,0.03530636148168989
violations_per_kloc,-2,0.009571987109773139,0.0048176828851642225,0.00012932865485126323,0.019014645564695017
violations_per_kloc,0,-0.02467828878268423,0.007937831653869168,-0.0402364388242678,-0.00912013874110066
violations_per_kloc,1,-0.03779954081291314,0.009804664837734706,-0.05701668389487316,-0.018582397730953118
violations_per_kloc,2,-0.05209045593144537,0.01093374410985291,-0.07352059438675708,-0.03066031747613367
violations_per_kloc,3,-0.0593396013710929,0.01121352031901772,-0.08131810119636762,-0.03736110154581817
violations_per_kloc,4,-0.07139539639885101,0.01168656695405279,-0.09430106762879448,-0.04848972516890754
violations_per_kloc,5,-0.07494373997767648,0.012218112595272602,-0.09889124066441077,-0.05099623929094218
violations_per_kloc,6,-0.08016639319416571,0.01252764536750819,-0.10472057811448177,-0.05561220827384966
violations_per_kloc,7,-0.07965175275257828,0.014258042033180313,-0.1075975151376117,-0.05170599036754487
violations_per_kloc,8,-0.08835911683885604,0.01679336267605777,-0.12127410768392927,-0.05544412599378281
violations_per_kloc,9,-0.1101885673700394,0.020445851252763977,-0.15026243582545679,-0.070114698914622
violations_per_kloc,10,-0.12640409332451413,0.021272547655681113,-0.1680982867296491,-0.08470989991937916
violations_per_kloc,11,-0.14044849431905085,0.02213405870242402,-0.18383124937580192,-0.09706573926229978
violations_per_kloc,12,-0.1588472355481358,0.023055586204994143,-0.2040361845099243,-0.11365828658634727
cognitive_per_kloc,-12,-2.1478166187072283,2.800955790097545,-7.637689967298416,3.34205672988396
cognitive_per_kloc,-11,-1.9920476283383275,2.4603097202467747,-6.814254680022006,2.830159423345351
cognitive_per_kloc,-10,-2.2762953806242994,2.1972139987887513,-6.582834818250252,2.030244057001653
cognitive_per_kloc,-9,-1.9345697832783253,1.9817598833683763,-5.818819154680343,1.9496795881236924
cognitive_per_kloc,-8,-2.0634851209635237,1.769920741364665,-5.532529774038267,1.4055595321112198
cognitive_per_kloc,-7,-1.5105247337872663,1.580599841743985,-4.608500423605477,1.5874509560309442
cognitive_per_kloc,-6,-0.8598873615484592,1.5506519711297124,-3.8991652249626956,2.179390501865777
cognitive_per_kloc,-5,-0.1660645203025537,1.1200562594675378,-2.361374788858928,2.02924574825382
cognitive_per_kloc,-4,-0.8852403013494001,0.9994229482769831,-2.8441092799722867,1.0736286772734867
cognitive_per_kloc,-3,0.36603933961567137,0.9195861682497405,-1.43634955015382,2.168428229385163
cognitive_per_kloc,-2,0.3337314247029628,0.6206623324365018,-0.8827667468725808,1.5502295962785064
cognitive_per_kloc,0,0.5749025622755237,0.4883992452317864,-0.38235995837877756,1.532165082929825
cognitive_per_kloc,1,1.1325239982123776,0.9592897319410413,-0.7476838763920632,3.0127318728168184
cognitive_per_kloc,2,2.644315336339824,1.2188527618525882,0.2553639231087512,5.033266749570897
cognitive_per_kloc,3,4.595392061606846,1.3985763542275282,1.854182407320891,7.336601715892801
cognitive_per_kloc,4,6.528608796414441,1.8016767391605708,2.9973223876597226,10.059895205169159
cognitive_per_kloc,5,9.448660788260508,2.3897320998680533,4.7647858725191234,14.132535704001892
cognitive_per_kloc,6,10.885492686725954,2.7195428774669828,5.5551886468906675,16.21579672656124
cognitive_per_kloc,7,12.89619103240117,3.032375048240549,6.952735937849694,18.839646126952644
cognitive_per_kloc,8,12.213835301311171,2.45877142531072,7.39464330770216,17.03302729492018
cognitive_per_kloc,9,13.01108055955871,2.5391536520375273,8.034339401565157,17.987821717552265
cognitive_per_kloc,10,13.307306815735535,2.5113401452329054,8.38508013107904,18.22953350039203
cognitive_per_kloc,11,14.10894639466471,2.535180405247732,9.139992800379154,19.077899988950264
cognitive_per_kloc,12,14.673642816173746,2.5065615325966504,9.760782212284312,19.58650342006318
cognitive_per_function,-12,-0.043417481889070075,0.014939945950356123,-0.07269977595176808,-0.014135187826372075
cognitive_per_function,-11,-0.03949616157270768,0.01220601069769289,-0.06341994254018574,-0.01557238060522962
cognitive_per_function,-10,-0.03322133888316564,0.011281031607634596,-0.05533216083412945,-0.011110516932201834
cognitive_per_function,-9,-0.033580858143650576,0.00994064699872144,-0.05306452626114459,-0.014097190026156555
cognitive_per_function,-8,-0.03332684114971193,0.009166130401458646,-0.051292456736570874,-0.015361225562852989
cognitive_per_function,-7,-0.023805746364437885,0.007484291266620758,-0.03847495724701457,-0.0091365354818612
cognitive_per_function,-6,-0.018724061404625292,0.007432427174985395,-0.03329161866759667,-0.004156504141653918
cognitive_per_function,-5,-0.01401996640805533,0.00623035793606943,-0.02623146796275141,-0.001808464853359247
cognitive_per_function,-4,-0.010740969532641254,0.006229544454766442,-0.02295087666398348,0.0014689375987009725
cognitive_per_function,-3,-0.003280909469338714,0.00510904007409625,-0.013294628014567364,0.006732809075889936
cognitive_per_function,-2,-0.0005514892155355777,0.003426187890601514,-0.007266817481114545,0.0061638390500433895
cognitive_per_function,0,0.010022328579220557,0.00424471203406071,0.0017026929924615648,0.018341964165979552
cognitive_per_function,1,0.02098410636709529,0.007080791540573218,0.007105754947571784,0.0348624577866188
cognitive_per_function,2,0.03083858395723406,0.008391762091255113,0.014390730258374038,0.04728643765609408
cognitive_per_function,3,0.039452859367984205,0.009050617449022394,0.021713649167900313,0.0571920695680681
cognitive_per_function,4,0.052049846056042605,0.011147954710399964,0.030199854823658674,0.07389983728842653
cognitive_per_function,5,0.06647976877960066,0.012771786657933624,0.04144706693005075,0.09151247062915056
cognitive_per_function,6,0.07563189158658332,0.014015425468363402,0.048161657668591054,0.10310212550457558
cognitive_per_function,7,0.08994770857915206,0.015582195936571546,0.05940660454347183,0.1204888126148323
cognitive_per_function,8,0.09459799230333117,0.015224720860453969,0.0647575394168414,0.12443844518982095
cognitive_per_function,9,0.10152181441515759,0.015825741217177277,0.07050336162949013,0.13254026720082507
cognitive_per_function,10,0.10706344197873116,0.015840771203756463,0.0760155304193685,0.13811135353809384
cognitive_per_function,11,0.11037267493218222,0.015989406736746602,0.07903343772815888,0.14171191213620557
cognitive_per_function,12,0.11309814247821581,0.01614704405633269,0.08144993612780374,0.14474634882862789
complexipy_per_function,-12,-0.051331155671041864,0.015688997386306684,-0.08208159054820297,-0.020580720793880763
complexipy_per_function,-11,-0.04624322176866015,0.012771094154118593,-0.07127456631073259,-0.021211877226587707
complexipy_per_function,-10,-0.038134068950733235,0.011892774373902331,-0.061443906723581805,-0.014824231177884666
complexipy_per_function,-9,-0.03889428170446553,0.01040694478170634,-0.05929189347660996,-0.018496669932321106
complexipy_per_function,-8,-0.038493436215514126,0.009611036643415904,-0.0573310680366093,-0.019655804394418955
complexipy_per_function,-7,-0.027466028288379005,0.007896213937697181,-0.042942607606265476,-0.01198944897049253
complexipy_per_function,-6,-0.021953540798000715,0.007947016635197623,-0.037529693402988056,-0.006377388193013374
complexipy_per_function,-5,-0.01628441578927509,0.006436663777034445,-0.028900276792262602,-0.0036685547862875777
complexipy_per_function,-4,-0.011377309059709767,0.006240950818001686,-0.023609572662993072,0.0008549545435735367
complexipy_per_function,-3,-0.0036665799769475416,0.0051177359101888245,-0.013697342360917637,0.006364182407022554
complexipy_per_function,-2,-8.637795270789728e-05,0.003393140380380589,-0.006736933098253851,0.006564177192838056
complexipy_per_function,0,0.009544123808450336,0.003976230774256634,0.0017507114909073324,0.01733753612599334
complexipy_per_function,1,0.02073510764919468,0.006776379300804506,0.0074534042196178485,0.03401681107877151
complexipy_per_function,2,0.03117675348957634,0.00813101122740088,0.015239971483870615,0.04711353549528206
complexipy_per_function,3,0.03895399095246811,0.008578113676649764,0.022140888146234574,0.05576709375870165
complexipy_per_function,4,0.051476710662777994,0.010841294429100508,0.030227773581741,0.07272564774381499
complexipy_per_function,5,0.06546490516971007,0.01238112279593949,0.041197904489668674,0.08973190584975146
complexipy_per_function,6,0.0760955191905495,0.013750559129599979,0.04914442329653353,0.10304661508456545
complexipy_per_function,7,0.0912485626447068,0.01535869134900004,0.061145527600666716,0.12135159768874687
complexipy_per_function,8,0.09474398845590333,0.015228548955673145,0.06489603250278397,0.12459194440902269
complexipy_per_function,9,0.0977642666211937,0.017109291653411515,0.06423005498050713,0.13129847826188026
complexipy_per_function,10,0.10294817135247152,0.017275116709580072,0.06908894260169457,0.13680740010324846
complexipy_per_function,11,0.10648375440801468,0.017349812211059818,0.07247812247433744,0.14048938634169192
complexipy_per_function,12,0.10899339639325954,0.01749350731339631,0.07470612205900277,0.14328067072751632
cyclomatic_radon,-12,-0.021143053460041934,0.008043309682144716,-0.03690794043704558,-0.00537816648303829
cyclomatic_radon,-11,-0.019345844195456652,0.006485140978014308,-0.032056720512364696,-0.006634967878548609
cyclomatic_radon,-10,-0.015824549560653864,0.006032620874904859,-0.027648486475467388,-0.00400061264584034
cyclomatic_radon,-9,-0.016560477670344687,0.005489021254027336,-0.027318959328238267,-0.005801996012451108
cyclomatic_radon,-8,-0.01736016041697032,0.004758704974058799,-0.026687222166125565,-0.008033098667815073
cyclomatic_radon,-7,-0.01170632969356604,0.0037998389121686525,-0.019154013961416597,-0.00425864542571548
cyclomatic_radon,-6,-0.01043136404496088,0.003623610970179237,-0.017533641546512185,-0.003329086543409576
cyclomatic_radon,-5,-0.005948563526592113,0.003521109301409649,-0.012849937757355025,0.000952810704170799
cyclomatic_radon,-4,-0.004437964728863826,0.00359670608991208,-0.011487508665091503,0.00261157920736385
cyclomatic_radon,-3,-0.0018204069688543788,0.003039887774123666,-0.007778587006136764,0.004137773068428006
cyclomatic_radon,-2,-0.0004395633841160762,0.0021595318726255787,-0.00467224585446221,0.003793119086230058
cyclomatic_radon,0,0.005564143343284499,0.0024455617007942913,0.0007708424097276874,0.01035744427684131
cyclomatic_radon,1,0.011628104568650453,0.0037152790574469133,0.004346157616054503,0.018910051521246404
cyclomatic_radon,2,0.017613406151728773,0.00455317411764716,0.008689184881140339,0.02653762742231721
cyclomatic_radon,3,0.022771365765525017,0.00483505875701191,0.013294650601781673,0.03224808092926836
cyclomatic_radon,4,0.0285439871895106,0.006053062503564419,0.01667998468252434,0.040407989696496865
cyclomatic_radon,5,0.03527785816768114,0.006963003480386944,0.02163037134612273,0.048925344989239554
cyclomatic_radon,6,0.041288025830102174,0.007942473431199892,0.025720777904950386,0.05685527375525396
cyclomatic_radon,7,0.05000325791315742,0.008589875815611032,0.0331671013145598,0.06683941451175504
cyclomatic_radon,8,0.05391610936901068,0.008589088940807883,0.03708149504502723,0.07075072369299412
cyclomatic_radon,9,0.05636189499927877,0.009255991111617587,0.0382201524205083,0.07450363757804923
cyclomatic_radon,10,0.06019834144776108,0.009452766282510666,0.041670919534040174,0.07872576336148199
cyclomatic_radon,11,0.06344329962185982,0.009799959592885514,0.044235378819804216,0.08265122042391543
cyclomatic_radon,12,0.06828693294876037,0.010094312711044598,0.04850208003511296,0.08807178586240778
cyclomatic_lizard,-12,-0.029019490815816743,0.00869065357001122,-0.04605317181303874,-0.011985809818594751
cyclomatic_lizard,-11,-0.02679618265850047,0.006909632677174277,-0.040339062705762055,-0.013253302611238887
cyclomatic_lizard,-10,-0.0217982309887128,0.0063554971704730895,-0.034255005442840054,-0.009341456534585546
cyclomatic_lizard,-9,-0.02260715838059555,0.005542344261080295,-0.03347015313231293,-0.011744163628878172
cyclomatic_lizard,-8,-0.02206088554425619,0.005087813816881111,-0.03203300062534317,-0.012088770463169213
cyclomatic_lizard,-7,-0.015963524699948557,0.0043209895084566265,-0.024432664136523546,-0.007494385263373569
cyclomatic_lizard,-6,-0.013402566255363055,0.004233336775565402,-0.021699906335471243,-0.005105226175254867
cyclomatic_lizard,-5,-0.009811456573076659,0.003803466663812546,-0.01726625123414925,-0.002356661912004069
cyclomatic_lizard,-4,-0.006013645578043368,0.0036152763464413246,-0.013099587217068364,0.001072296060981628
cyclomatic_lizard,-3,-0.0030830117399109234,0.002902516763847184,-0.008771944597051403,0.0026059211172295565
cyclomatic_lizard,-2,-0.0006818984608416151,0.001967219592016829,-0.0045376488611946,0.0031738519395113694
cyclomatic_lizard,0,0.006653624147936063,0.002535512415542305,0.0016840198134731449,0.011623228482398981
cyclomatic_lizard,1,0.013685945954676737,0.004058897044555643,0.005730507747347678,0.021641384162005797
cyclomatic_lizard,2,0.020206361201659265,0.004818931793369808,0.010761254886654442,0.029651467516664087
cyclomatic_lizard,3,0.02608871923286707,0.0050486902045043525,0.016193286432038538,0.0359841520336956
cyclomatic_lizard,4,0.03400110501666963,0.006484067483699367,0.02129233274861887,0.04670987728472038
cyclomatic_lizard,5,0.04267811055371362,0.007531851928809907,0.027915680773246205,0.05744054033418104
cyclomatic_lizard,6,0.049116959359706405,0.008451214995454055,0.03255257796861646,0.06568134075079635
cyclomatic_lizard,7,0.05799361520281248,0.009143918236659433,0.04007153545895999,0.07591569494666497
cyclomatic_lizard,8,0.06273020871238745,0.008993227306821559,0.045103483191017195,0.0803569342337577
cyclomatic_lizard,9,0.06666125596796199,0.0097775436786304,0.047497270357846406,0.08582524157807758
cyclomatic_lizard,10,0.07185532442220928,0.009959797810708897,0.05233412071321984,0.09137652813119872
cyclomatic_lizard,11,0.07638987516177795,0.010191122280439198,0.05641527549211712,0.09636447483143878
cyclomatic_lizard,12,0.08192101685386144,0.010501876781000993,0.06133733836309949,0.10250469534462339
maintainability_radon,-12,0.71802944761702,0.3637772540191452,0.005026029739495508,1.4310328654945446
maintainability_radon,-11,0.6350908856469805,0.3615315942987398,-0.07351103917854962,1.3436928104725105
maintainability_radon,-10,0.3995995063366099,0.33740234803363867,-0.2617090958093219,1.0609081084825416
maintainability_radon,-9,0.4029145299145678,0.3438076967171418,-0.27094855565103015,1.0767776154801658
maintainability_radon,-8,0.2727350427350679,0.3247063813167408,-0.36368946464574403,0.9091595501158798
maintainability_radon,-7,0.2191196581198161,0.29200558703189505,-0.35321129246269817,0.7914506087023303
maintainability_radon,-6,0.2318461538460681,0.2748294165369232,-0.3068195025663014,0.7705118102584376
maintainability_radon,-5,0.11043589743594309,0.2702726415367767,-0.41929847997613934,0.6401702748480255
maintainability_radon,-4,0.03937606837615881,0.2587871118926306,-0.46784667093339716,0.5465988076857148
maintainability_radon,-3,0.0933504273504504,0.18376419953154352,-0.26682740373137487,0.4535282584322757
maintainability_radon,-2,0.11860683760679769,0.06147097292299439,-0.0018762693222713067,0.23908994453586668
maintainability_radon,0,-0.06141025641019926,0.1231175090879658,-0.3027205742226122,0.1799000614022137
maintainability_radon,1,-0.2899743589743744,0.14382202455531073,-0.5718655271027835,-0.008083190845965371
maintainability_radon,2,-0.36464957264961795,0.16459813110515328,-0.6872619096157184,-0.042037235683517526
maintainability_radon,3,-0.24311111111103917,0.28195694537367094,-0.7957467240434342,0.3095245018213559
maintainability_radon,4,-0.21247863247863008,0.29786693880039544,-0.7962978325274052,0.371340567570145
maintainability_radon,5,-0.17175213675214862,0.3227830258774276,-0.8044068674719067,0.46090259396760946
maintainability_radon,6,-0.31911111111112345,0.3054115049316459,-0.9177176607771494,0.27949543855490255
maintainability_radon,7,-0.5593504273503801,0.3259437242884839,-1.1982001269558085,0.07949927225504827
maintainability_radon,8,-0.5042393162392724,0.3662986852396559,-1.222184739308998,0.2137061068304532
maintainability_radon,9,-0.3406153846153931,0.49335867319106097,-1.3075983840698726,0.6263676148390864
maintainability_radon,10,-0.647769230769193,0.5015118676022731,-1.6307324912696481,0.3351940297312622
maintainability_radon,11,-0.8941965811965424,0.5136580158350523,-1.900966292233245,0.11257312984016021
maintainability_radon,12,-1.3346666666666378,0.5467995865792323,-2.406393856361933,-0.26293947697134246
lizard_warnings_per_kloc,-12,-0.09530896345790082,0.021142461622861566,-0.1367481882387095,-0.053869738677092154
lizard_warnings_per_kloc,-11,-0.05373333446517645,0.015611234108734575,-0.08433135331829622,-0.02313531561205668
lizard_warnings_per_kloc,-10,-0.05042874767925964,0.015399374360702265,-0.08061152142623608,-0.0202459739322832
lizard_warnings_per_kloc,-9,-0.045913652768688445,0.012970912774044911,-0.07133664180581648,-0.02049066373156042
lizard_warnings_per_kloc,-8,-0.04803916510812958,0.012103998417752861,-0.07176300200692519,-0.024315328209333974
lizard_warnings_per_kloc,-7,-0.040734574492475945,0.010366400324836184,-0.06105271912915486,-0.020416429855797027
lizard_warnings_per_kloc,-6,-0.04353675533244952,0.010627821402287943,-0.06436728528093388,-0.022706225383965155
lizard_warnings_per_kloc,-5,-0.03145673167141454,0.009871753449126532,-0.05080536843170254,-0.012108094911126535
lizard_warnings_per_kloc,-4,-0.027364427824762564,0.009405125081931347,-0.045798472985348004,-0.008930382664177124
lizard_warnings_per_kloc,-3,-0.01263679272592861,0.007407732127012774,-0.027155947694873644,0.0018823622430164267
lizard_warnings_per_kloc,-2,-0.003494043404010508,0.005997241827559366,-0.015248637386026866,0.00826055057800585
lizard_warnings_per_kloc,0,0.011024383975326044,0.006437587410935193,-0.0015932873501069336,0.023642055300759024
lizard_warnings_per_kloc,1,0.01767197409881569,0.008072830213041306,0.0018492268812547279,0.03349472131637665
lizard_warnings_per_kloc,2,0.03345942313481712,0.01071265809921574,0.012462613260354267,0.05445623300927997
lizard_warnings_per_kloc,3,0.056551476405180615,0.013645776212995567,0.029805755027709303,0.08329719778265193
lizard_warnings_per_kloc,4,0.06865206900415809,0.01670107976809901,0.03591795265868403,0.10138618534963215
lizard_warnings_per_kloc,5,0.08217057149637602,0.018354682555061355,0.046195393688455766,0.11814574930429628
lizard_warnings_per_kloc,6,0.09017819499450663,0.019375464201213527,0.05220228516012812,0.12815410482888515
lizard_warnings_per_kloc,7,0.09500486658741165,0.020926005834470875,0.05398989515184874,0.13601983802297457
lizard_warnings_per_kloc,8,0.09888543996248941,0.02014021392504516,0.0594106206694009,0.13836025925557793
lizard_warnings_per_kloc,9,0.0972374457891409,0.021425632540622998,0.055243206009519825,0.13923168556876198
lizard_warnings_per_kloc,10,0.10263481623997914,0.022243750864076553,0.059037064546389094,0.14623256793356917
lizard_warnings_per_kloc,11,0.11191732781305364,0.023752076382294533,0.06536325810375634,0.15847139752235093
lizard_warnings_per_kloc,12,0.12027143741022925,0.023797862568343788,0.07362762677627543,0.16691524804418306
duplication_pct,-12,-0.11466028616214888,0.04111061106240257,-0.19523708384445793,-0.034083488479839844
duplication_pct,-11,-0.06706339099009069,0.04951928827858038,-0.16412119601610825,0.029994414035926856
duplication_pct,-10,-0.04969989355816315,0.047188705857448915,-0.14218975703876302,0.04278996992243672
duplication_pct,-9,-0.013654069639179041,0.048938905449979954,-0.10957432432113975,0.08226618504278166
duplication_pct,-8,-0.02252390086429104,0.048686221029055864,-0.11794889408124053,0.07290109235265844
duplication_pct,-7,-0.01079065345409079,0.04671006720742279,-0.10234238518063946,0.08076107827245788
duplication_pct,-6,-0.06335391794036745,0.029625209911063394,-0.1214193293660517,-0.005288506514683197
duplication_pct,-5,-0.037764577644151656,0.02930741752123154,-0.09520711598576548,0.01967796069746216
duplication_pct,-4,-0.04314624517983233,0.02636921614936416,-0.09482990883258607,0.008537418472921422
duplication_pct,-3,-0.028854247675328383,0.02386668951554761,-0.0756329591258017,0.017924463775144936
duplication_pct,-2,-0.005749684855698753,0.020165556475395113,-0.04527417554747317,0.033774805836075665
duplication_pct,0,-0.004422267313363162,0.017494477053293874,-0.03871144233781915,0.02986690771109283
duplication_pct,1,-0.017915938520636998,0.02115101200649686,-0.05937192205337084,0.023540045012096847
duplication_pct,2,-0.012566188693223353,0.030345103951811867,-0.07204259243877462,0.046910215052327904
duplication_pct,3,-0.005771431079206843,0.043108247260375904,-0.0902635957095436,0.07872073355112992
duplication_pct,4,0.015046483903577365,0.041020024212115154,-0.06535276355216833,0.09544573135932306
duplication_pct,5,0.005741846574591904,0.041938063074918736,-0.0764567570522488,0.08794045020143262
duplication_pct,6,-0.003267635983171445,0.04102893287594376,-0.0836843444200212,0.07714907245367833
duplication_pct,7,-0.02464347844500467,0.04742034867248511,-0.11758736184307549,0.06830040495306615
duplication_pct,8,-0.03393742804588913,0.051064849110876054,-0.1340245323032062,0.06614967621142794
duplication_pct,9,-0.05021420993398438,0.050086742217437474,-0.14838422468016182,0.047955804812193074
duplication_pct,10,-0.053697810368360153,0.05017667215958206,-0.15204408780114098,0.04464846706442068
duplication_pct,11,-0.05750229326938891,0.05182834025956073,-0.15908584017812794,0.044081253639350115
duplication_pct,12,-0.063209203921261,0.053331584651296185,-0.16773910983780152,0.04132070199527951
debt_ratio_pct,-12,0.005853887227164692,0.008257883014943266,-0.01033156348212411,0.022039337936453494
debt_ratio_pct,-11,0.008777712999353407,0.006529305788981439,-0.004019726347050213,0.021575152345757027
debt_ratio_pct,-10,0.01031457138321366,0.0075234216174812005,-0.004431334987049493,0.025060477753476813
debt_ratio_pct,-9,0.009555173245744276,0.007095817180359121,-0.004352628427759601,0.023462974919248154
debt_ratio_pct,-8,0.008417975207251467,0.006447951369059113,-0.004220009476104394,0.02105595989060733
debt_ratio_pct,-7,0.0028366570361118715,0.005781023364063805,-0.008494148757453185,0.014167462829676928
debt_ratio_pct,-6,0.0044216817651578505,0.00531312170849975,-0.005992036783501659,0.01483540031381736
debt_ratio_pct,-5,0.0021398361789347047,0.004712703470299592,-0.0070970626228524965,0.011376734980721906
debt_ratio_pct,-4,0.003253367726512038,0.004313852080515453,-0.0052017823512982495,0.011708517804322326
debt_ratio_pct,-3,0.00308265860904138,0.003227716340809846,-0.0032436654189459176,0.009408982637028678
debt_ratio_pct,-2,0.0020107572817783803,0.002565269281000332,-0.003017170508982271,0.0070386850725390315
debt_ratio_pct,0,-0.004114152075841218,0.003065370175525834,-0.010122277619871852,0.0018939734681894162
debt_ratio_pct,1,-0.005586264372259727,0.0035872455840624566,-0.012617265717022142,0.001444736972502688
debt_ratio_pct,2,-0.008944696418990858,0.003985014075548807,-0.01675532400706652,-0.0011340688309151963
debt_ratio_pct,3,-0.007353599119669081,0.003939478622182717,-0.015074977219147207,0.00036777897980904556
debt_ratio_pct,4,-0.009501220562026826,0.004266099192785754,-0.017862774979886906,-0.0011396661441667472
debt_ratio_pct,5,-0.005726978317325727,0.0050091060039582445,-0.015544826085083886,0.004090869450432431
debt_ratio_pct,6,-0.0036076827536475967,0.005443148504988192,-0.014276253823424453,0.0070608883161292595
debt_ratio_pct,7,-0.0011460840553581802,0.005811676585118179,-0.01253697016218981,0.01024480205147345
debt_ratio_pct,8,-0.008000561868984537,0.005933759663574415,-0.01963073080959039,0.0036296070716213165
debt_ratio_pct,9,-0.004344682162454006,0.006177353105838347,-0.016452294249897165,0.007762929924989153
debt_ratio_pct,10,-0.0049980936661958054,0.0062217005687347,-0.017192626780915817,0.007196439448524206
debt_ratio_pct,11,-0.00686579045451538,0.006243799386458117,-0.01910363725197329,0.005372056342942529
debt_ratio_pct,12,-0.010218053184895229,0.006442016341212022,-0.022844405213670795,0.002408298843880335
comment_density_pct,-12,0.018586154007185073,0.021484494469642526,-0.023523455153314277,0.06069576316768442
comment_density_pct,-11,0.023391117640015488,0.01869235726597822,-0.013245902601301818,0.060028137881332794
comment_density_pct,-10,0.002174952104833743,0.015697401639234124,-0.02859195510806514,0.03294185931773262
comment_density_pct,-9,0.0021367399007408364,0.013778044320202557,-0.02486822696685617,0.029141706768337848
comment_density_pct,-8,0.0037893240318728066,0.013923163691425664,-0.023500076803321494,0.031078724867067108
comment_density_pct,-7,-0.005140345835313399,0.012282602584118216,-0.029214246900185103,0.018933555229558304
comment_density_pct,-6,-0.002241033426114196,0.011755477577412627,-0.025281769477842945,0.020799702625614553
comment_density_pct,-5,0.006373699362660076,0.009854301499949519,-0.012940731577240981,0.025688130302561132
comment_density_pct,-4,-0.00031538497230783336,0.006807900791808891,-0.01365887052425326,0.013028100579637594
comment_density_pct,-3,-0.0005579609728741872,0.006002083980823037,-0.012322045575287339,0.011206123629538964
comment_density_pct,-2,0.003862056650231642,0.0051082897540231115,-0.006150191267653657,0.013874304568116941
comment_density_pct,0,0.022176609895389974,0.009537920795268225,0.0034822851366642545,0.04087093465411569
comment_density_pct,1,0.0281361909039283,0.01264205618255283,0.0033577607861247534,0.05291462102173185
comment_density_pct,2,0.0360824931424729,0.01365828420544928,0.009312256099792311,0.0628527301851535
comment_density_pct,3,0.05456616065021148,0.018029388918232175,0.019228558370476413,0.08990376292994653
comment_density_pct,4,0.06667959605101395,0.020034923031010263,0.027411146910233837,0.10594804519179407
comment_density_pct,5,0.0752032141631153,0.020776159128608657,0.034481942271042336,0.11592448605518826
comment_density_pct,6,0.08405281720770219,0.0208597627193483,0.04316768227777952,0.12493795213762486
comment_density_pct,7,0.0916535587353689,0.021890081833313643,0.04874899834207416,0.13455811912866364
comment_density_pct,8,0.09848933198908655,0.023283752322748378,0.052853177436499726,0.14412548654167337
comment_density_pct,9,0.11243538730758973,0.03101113841491793,0.051653556014350586,0.17321721860082887
comment_density_pct,10,0.10885283804690124,0.030954651889697864,0.048181720343093426,0.16952395575070905
comment_density_pct,11,0.11281502014086686,0.03215281157728206,0.049795509449394024,0.17583453083233969
comment_density_pct,12,0.1065370498450827,0.03389085855720316,0.04011096707296451,0.17296313261720092
bugs_per_kloc,-12,0.0011461837484200554,0.02034775345875305,-0.03873541303073592,0.04102778052757603
bugs_per_kloc,-11,0.007541918618291235,0.01732079156177014,-0.026406832842778238,0.041490670079360706
bugs_per_kloc,-10,0.009388215350116632,0.01547006800312115,-0.02093311793600082,0.039709548636234084
bugs_per_kloc,-9,0.022389578793577745,0.018610711804478472,-0.014087416343200057,0.05886657393035555
bugs_per_kloc,-8,0.018199860832422532,0.017581948064261194,-0.01626075737352941,0.05266047903837447
bugs_per_kloc,-7,0.012121136972665971,0.013081120917200026,-0.013517860025046078,0.03776013397037802
bugs_per_kloc,-6,0.004335636239552337,0.012285471972341146,-0.01974388882623631,0.028415161305340983
bugs_per_kloc,-5,0.008251535767934724,0.010905691079514638,-0.013123618747913967,0.029626690283783414
bugs_per_kloc,-4,0.008063188853303316,0.01076248268889021,-0.013031277216921495,0.029157654923528127
bugs_per_kloc,-3,0.006179475918043459,0.010634335387290974,-0.014663821441046847,0.027022773277133767
bugs_per_kloc,-2,0.0037204960294137668,0.006357889986368845,-0.00874096834386917,0.016181960402696705
bugs_per_kloc,0,-0.015933371184809347,0.0058171341530040095,-0.027334954124697206,-0.004531788244921488
bugs_per_kloc,1,-0.02076690169178537,0.006658837217202708,-0.03381822263750268,-0.007715580746068061
bugs_per_kloc,2,-0.020655230555318625,0.007549318416138994,-0.035451894650951055,-0.005858566459686196
bugs_per_kloc,3,-0.018030721401971286,0.011469906263100287,-0.04051173767764785,0.004450294873705275
bugs_per_kloc,4,-0.032615364413375786,0.009558658826575799,-0.051350335713464354,-0.013880393113287221
bugs_per_kloc,5,-0.035499875742068185,0.010114827385103662,-0.05532493741687136,-0.015674814067265008
bugs_per_kloc,6,-0.036939010454168676,0.011152907909331971,-0.05879870995645934,-0.015079310951878012
bugs_per_kloc,7,-0.043358796298198464,0.011781297734008097,-0.06645013985685433,-0.020267452739542596
bugs_per_kloc,8,-0.05223898392944655,0.01136991083599076,-0.07452400916798843,-0.029953958690904663
bugs_per_kloc,9,-0.06230668265039109,0.014997818905099608,-0.09170240770438631,-0.03291095759639586
bugs_per_kloc,10,-0.06708616379597752,0.015359474554431174,-0.09719073392266263,-0.03698159366929242
bugs_per_kloc,11,-0.06953652317591989,0.015878343687405046,-0.10065807680323378,-0.038414969548606
bugs_per_kloc,12,-0.07792063729373189,0.016144728982097286,-0.10956430609864257,-0.04627696848882121
functions_per_kloc,-12,0.04950501804751249,0.014752258338306361,0.020590591704432025,0.07841944439059295
functions_per_kloc,-11,0.04409882651925751,0.012570499181965546,0.019460648122605045,0.06873700491590998
functions_per_kloc,-10,0.029339070994918757,0.009171668189617887,0.011362601343267699,0.047315540646569815
functions_per_kloc,-9,0.03163116952218155,0.008652968289810376,0.014671351674153212,0.048590987370209886
functions_per_kloc,-8,0.028792035857196724,0.007912530310596721,0.01328347644842715,0.044300595265966296
functions_per_kloc,-7,0.01752905740790716,0.0073560764980326755,0.0031111474717631163,0.031946967344051204
functions_per_kloc,-6,0.016697759027032383,0.006531515408695126,0.0038959888259899357,0.02949952922807483
functions_per_kloc,-5,0.0157505730872476,0.006007243498809933,0.003976375829580129,0.027524770344915066
functions_per_kloc,-4,0.009440719542664698,0.0059562081006743085,-0.002233448334656947,0.021114887419986343
functions_per_kloc,-3,0.006156577010639708,0.004462554901102419,-0.0025900305955210336,0.01490318461680045
functions_per_kloc,-2,0.0018734262431812213,0.0023954740207324443,-0.002821702837454369,0.006568555323816812
functions_per_kloc,0,-0.0108714746598506,0.0042683767668734015,-0.019237493122922465,-0.0025054561967787336
functions_per_kloc,1,-0.02030444564886362,0.006542682203392872,-0.03312810276751365,-0.00748078853021359
functions_per_kloc,2,-0.023592653651481582,0.007212516919290239,-0.03772918681329045,-0.009456120489672714
functions_per_kloc,3,-0.024087952646622602,0.007257394844672729,-0.03831244654218115,-0.009863458751064053
functions_per_kloc,4,-0.027977734660633104,0.00865514920795041,-0.044941827108215905,-0.011013642213050304
functions_per_kloc,5,-0.0332165363205995,0.010389575230663726,-0.05358010377270041,-0.012852968868498602
functions_per_kloc,6,-0.03820026361294499,0.010808031367919694,-0.05938400509406759,-0.017016522131822392
functions_per_kloc,7,-0.044168048781798225,0.012197920339280927,-0.06807597264678884,-0.020260124916807606
functions_per_kloc,8,-0.049520720215197135,0.012644727124175071,-0.07430438537858028,-0.024737055051813995
functions_per_kloc,9,-0.05426154593199811,0.013312303649238627,-0.08035366108450583,-0.0281694307794904
functions_per_kloc,10,-0.059172149765748,0.013668774607399294,-0.08596294799625062,-0.032381351535245385
functions_per_kloc,11,-0.06016117583056954,0.013703056310176029,-0.08701916619851456,-0.03330318546262452
functions_per_kloc,12,-0.059705391441480765,0.013507417796633387,-0.08617993032288221,-0.03323085256007933
loc_per_function,-12,-0.039187340976865936,0.011695775932311102,-0.06211106180419569,-0.016263620149536178
loc_per_function,-11,-0.03136315912631772,0.009180177028597162,-0.04935630610236816,-0.013370012150267285
loc_per_function,-10,-0.025250213688158524,0.008939307966523828,-0.04277125730254523,-0.007729170073771819
loc_per_function,-9,-0.02925336160786595,0.008308491031531839,-0.04553800402966836,-0.012968719186063547
loc_per_function,-8,-0.026875474938308275,0.0076158306413869345,-0.04180250299542666,-0.011948446881189883
loc_per_function,-7,-0.017392265891191035,0.006536436418530816,-0.030203681271511434,-0.004580850510870635
loc_per_function,-6,-0.013621174057732235,0.0061755131546941166,-0.025725179840932706,-0.0015171682745317664
loc_per_function,-5,-0.011057534097461812,0.006073046789849001,-0.022960705805565855,0.0008456376106422293
loc_per_function,-4,-0.008949110088735446,0.005894790536002142,-0.020502899539299645,0.002604679361828753
loc_per_function,-3,-0.007527297998621174,0.00452106438242569,-0.01638858418817553,0.0013339881909331785
loc_per_function,-2,-0.003034379216186392,0.002816478976378804,-0.008554678009888848,0.002485919577516064
loc_per_function,0,0.011446669530089236,0.004124107129522569,0.0033634195562250013,0.01952991950395347
loc_per_function,1,0.021195434968344348,0.005940418583464224,0.009552214544754469,0.03283865539193423
loc_per_function,2,0.025022644720955146,0.00615485468709931,0.012959129534240499,0.037086159907669794
loc_per_function,3,0.02485754881017805,0.00631679680259099,0.01247662707709971,0.03723847054325639
loc_per_function,4,0.029154613446681694,0.007899101110934618,0.013672375269249843,0.044636851624113544
loc_per_function,5,0.037836014498375994,0.00856682104910215,0.021045045242135782,0.05462698375461621
loc_per_function,6,0.045229755668844435,0.00912088084701162,0.02735282920870166,0.06310668212898721
loc_per_function,7,0.05628852288913895,0.009958421099189556,0.03677001753472742,0.07580702824355048
loc_per_function,8,0.06145191727779836,0.010242077287549676,0.041377445794200995,0.08152638876139573
loc_per_function,9,0.06317160587215213,0.01233019037625993,0.03900443273468267,0.0873387790096216
loc_per_function,10,0.06891125071165052,0.012712256036853031,0.043995228879418584,0.09382727254388246
loc_per_function,11,0.07115421265253027,0.012936689077365915,0.04579830206089308,0.09651012324416747
loc_per_function,12,0.07308207665663283,0.013166189861225105,0.04727634452863162,0.09888780878463403
sonar_vuln_per_kloc,-12,0.03288571364042085,0.01962343239445804,-0.0055762138527169006,0.0713476411335586
sonar_vuln_per_kloc,-11,0.03790996030935471,0.019720131998079857,-0.0007414984068818131,0.07656141902559123
sonar_vuln_per_kloc,-10,0.03864300921793337,0.016630973153675076,0.006046301836730224,0.07123971659913653
sonar_vuln_per_kloc,-9,0.04714337830466381,0.01937087076974361,0.00917647159596633,0.08511028501336129
sonar_vuln_per_kloc,-8,0.0337417694462759,0.014946754008243888,0.004446131590117884,0.06303740730243393
sonar_vuln_per_kloc,-7,0.02479851561098325,0.01158264330625234,0.0020965347307286657,0.04750049649123783
sonar_vuln_per_kloc,-6,0.01409722039656583,0.01017860153606054,-0.005852838614112829,0.03404727940724449
sonar_vuln_per_kloc,-5,0.018775084548798927,0.010275535053317688,-0.0013649641557037413,0.03891513325330159
sonar_vuln_per_kloc,-4,0.009686497283187274,0.005925004896672661,-0.00192651231429114,0.02129950688066569
sonar_vuln_per_kloc,-3,0.008047473100320389,0.005553450533302389,-0.0028372899449522933,0.01893223614559307
sonar_vuln_per_kloc,-2,0.0038649481658276225,0.0035058101615612403,-0.003006439750832409,0.010736336082487655
sonar_vuln_per_kloc,0,-0.005867952079870814,0.004351388687837907,-0.014396673908033111,0.002660769748291483
sonar_vuln_per_kloc,1,-0.00470737117077176,0.007450097974592678,-0.01930956320097341,0.00989482085942989
sonar_vuln_per_kloc,2,-0.011091517295279935,0.008617671527851617,-0.027982153489869103,0.005799118899309234
sonar_vuln_per_kloc,3,-0.015710493848579685,0.009244938569904144,-0.0338305734455918,0.0024095857484324364
sonar_vuln_per_kloc,4,-0.023690518580506983,0.011133305554291905,-0.04551179746691912,-0.0018692396940948493
sonar_vuln_per_kloc,5,-0.025320681099921725,0.01176420635165833,-0.04837852554917205,-0.0022628366506713994
sonar_vuln_per_kloc,6,-0.027922553827143516,0.01200162741113682,-0.051445743552971684,-0.004399364101315351
sonar_vuln_per_kloc,7,-0.02139083162109385,0.013160419704070364,-0.04718525424107176,0.004403590998884065
sonar_vuln_per_kloc,8,-0.022446153600760285,0.014140322461978374,-0.0501611856262379,0.005268878424717328
sonar_vuln_per_kloc,9,-0.03638712091522684,0.021671669280110693,-0.0788635927042438,0.006089350873790117
sonar_vuln_per_kloc,10,-0.04597092378735323,0.021876306579392935,-0.08884848468296339,-0.0030933628917430775
sonar_vuln_per_kloc,11,-0.05033585779391575,0.022421898614447412,-0.09428277907823268,-0.006388936509598826
sonar_vuln_per_kloc,12,-0.04654252469768913,0.024830080964726817,-0.0952094833885537,0.0021244339931754327
bandit_per_kloc,-12,0.02268737557544035,0.022936958446751497,-0.022269062980192586,0.06764381413107329
bandit_per_kloc,-11,0.01657561638775524,0.020999834507769516,-0.024584059247473013,0.05773529202298349
bandit_per_kloc,-10,0.004544146094795514,0.018882098497312195,-0.032464766959936386,0.04155305914952742
bandit_per_kloc,-9,0.014725709295546258,0.018667166083525373,-0.021861936228163473,0.05131335481925599
bandit_per_kloc,-8,0.013603539721917447,0.015948617337243967,-0.017655750259080727,0.04486282970291562
bandit_per_kloc,-7,0.013655819915360886,0.01316682470479391,-0.012151156506035177,0.03946279633675695
bandit_per_kloc,-6,0.01863821622746615,0.010412733303746846,-0.0017707410478776699,0.039047173502809965
bandit_per_kloc,-5,0.018657637972887456,0.009356341923394474,0.0003192078030342868,0.036996068142740625
bandit_per_kloc,-4,0.014804747494083607,0.00863735684494857,-0.002124471922015588,0.031733966910182806
bandit_per_kloc,-3,0.005919154847539255,0.008181868096909933,-0.010117306622404213,0.021955616317482725
bandit_per_kloc,-2,0.007232277405988155,0.0053051869063257375,-0.003165888930410291,0.0176304437423866
bandit_per_kloc,0,-0.010788033730965357,0.0042580032825797155,-0.0191337201648216,-0.0024423472971091143
bandit_per_kloc,1,-0.019220039732721343,0.0058839169584753775,-0.030752516971333084,-0.007687562494109604
bandit_per_kloc,2,-0.02569846350598587,0.011233115509929038,-0.04771536990544678,-0.003681557106524954
bandit_per_kloc,3,-0.03694001081051792,0.012125988865484489,-0.060706948986867515,-0.013173072634168323
bandit_per_kloc,4,-0.04943629835389101,0.014347214224567074,-0.07755683823404247,-0.021315758473739545
bandit_per_kloc,5,-0.05553716281387211,0.015415636379362285,-0.0857518101174222,-0.02532251551032203
bandit_per_kloc,6,-0.05633995428429941,0.01638576232704255,-0.0884560484453028,-0.024223860123296012
bandit_per_kloc,7,-0.059918907650870996,0.0169907460516546,-0.093220769912114,-0.02661704538962798
bandit_per_kloc,8,-0.05913667601908216,0.01762899224572307,-0.09368950082069938,-0.02458385121746494
bandit_per_kloc,9,-0.08267788785666487,0.025743433003090507,-0.13313501654272225,-0.032220759170607474
bandit_per_kloc,10,-0.08435325193938462,0.025535962160880363,-0.13440373777471012,-0.03430276610405911
bandit_per_kloc,11,-0.09126386957333442,0.0261202865031072,-0.14245963111942453,-0.0400681080272443
bandit_per_kloc,12,-0.09004548716796763,0.02833692278742081,-0.14558585583131242,-0.034505118504622845
bandit_high_per_kloc,-12,0.01659598547901693,0.010312243848756245,-0.0036160124645453068,0.03680798342257917
bandit_high_per_kloc,-11,0.013374643045604415,0.00931847061992859,-0.0048895593694556205,0.03163884546066445
bandit_high_per_kloc,-10,0.010043180963993856,0.008724501038689892,-0.007056841071838332,0.027143202999826043
bandit_high_per_kloc,-9,0.013447207457724895,0.009203655384077695,-0.004591957095067385,0.031486372010517176
bandit_high_per_kloc,-8,0.010286849940450041,0.008376493126841088,-0.006131076588158493,0.026704776469058576
bandit_high_per_kloc,-7,0.006639466622506171,0.008006213632539678,-0.009052712097271598,0.02233164534228394
bandit_high_per_kloc,-6,0.0012241402829406278,0.006343222820353852,-0.011208576444952921,0.013656857010834177
bandit_high_per_kloc,-5,0.0009137715442072186,0.006806429169160728,-0.01242682962734781,0.014254372715762246
bandit_high_per_kloc,-4,-0.0009639099335032597,0.004886035428685079,-0.010540539373726015,0.008612719506719496
bandit_high_per_kloc,-3,-0.0017206751857952668,0.004674486507027155,-0.010882668739568491,0.007441318367977957
bandit_high_per_kloc,-2,0.0006855969739034649,0.0024029530320683863,-0.004024190968950572,0.005395384916757502
bandit_high_per_kloc,0,-0.005790053606723536,0.00210110309702231,-0.009908215676887263,-0.0016718915365598087
bandit_high_per_kloc,1,-0.0057920934647229414,0.0034067098785707443,-0.0124692448267216,0.0008850578972757171
bandit_high_per_kloc,2,-0.008609688196062996,0.004135277795131061,-0.016714832674519876,-0.0005045437176061165
bandit_high_per_kloc,3,-0.009496228790589027,0.00469377612512802,-0.018696029995839948,-0.000296427585338108
bandit_high_per_kloc,4,-0.016772771061578443,0.0061455636955481474,-0.02881807590485281,-0.004727466218304074
bandit_high_per_kloc,5,-0.013403661938684973,0.00713669360255461,-0.027391581399692007,0.0005842575223220618
bandit_high_per_kloc,6,-0.011262222789702167,0.007579289456565514,-0.026117630124570572,0.0035931845451662395
bandit_high_per_kloc,7,-0.014000636668306643,0.007593122059938547,-0.028883155905786197,0.000881882569172909
bandit_high_per_kloc,8,-0.010029808999243092,0.01004147121819965,-0.029711092586914407,0.009651474588428223
bandit_high_per_kloc,9,0.0023256657163719663,0.021927201120500974,-0.04065164847980994,0.04530297991255387
bandit_high_per_kloc,10,-4.318350332464457e-05,0.022032189730549632,-0.04322627537520192,0.04313990836855264
bandit_high_per_kloc,11,5.762407227919222e-06,0.021812567132475813,-0.04274686917242468,0.042758393986880514
bandit_high_per_kloc,12,-0.0012282846789488377,0.021920715129703984,-0.044192886333168646,0.04173631697527097
codeql_per_kloc,-12,0.00260770878379216,0.01906168481099653,-0.03475319344576104,0.039968611013345354
codeql_per_kloc,-11,0.0014446414761088537,0.01595784159352763,-0.0298327280472053,0.03272201099942301
codeql_per_kloc,-10,0.007023517979155203,0.015476168991475855,-0.023309773244137473,0.037356809202447876
codeql_per_kloc,-9,0.0035566317018148512,0.012923452125159754,-0.021773334463498266,0.028886597867127967
codeql_per_kloc,-8,-0.005108093939997799,0.01262061750718261,-0.029844504254075716,0.019628316374080117
codeql_per_kloc,-7,0.0035159744268195223,0.013613115957221505,-0.02316573284933463,0.030197681702973673
codeql_per_kloc,-6,-0.003371374406535139,0.008567554518932034,-0.020163781263641926,0.013421032450571649
codeql_per_kloc,-5,-0.0018615465248677434,0.00741783254136176,-0.016400498305936793,0.012677405256201306
codeql_per_kloc,-4,0.0005551740457859153,0.005722352798929048,-0.010660637440115018,0.011770985531686848
codeql_per_kloc,-3,-0.0016013745475005822,0.005187484823315208,-0.01176884480119839,0.008566095706197225
codeql_per_kloc,-2,-0.0007125997797973634,0.003330114243896006,-0.0072396236978335355,0.005814424138238809
codeql_per_kloc,0,0.011272858106007802,0.025700506500263603,-0.03910013463450886,0.061645850846524464
codeql_per_kloc,1,0.007073959475636226,0.023138260840880193,-0.03827703177248895,0.052424950723761396
codeql_per_kloc,2,0.0028533941744904303,0.02320362163506453,-0.042625704230236046,0.04833249257921691
codeql_per_kloc,3,-0.010117950038739588,0.017580284188416364,-0.04457530704803566,0.024339406970556483
codeql_per_kloc,4,-0.004549271671730384,0.018696637406027207,-0.04119468098754371,0.03209613764408294
codeql_per_kloc,5,-0.009836839278000095,0.01810605865059912,-0.04532471423317437,0.02565103567717418
codeql_per_kloc,6,-0.008717524338107158,0.01911292119205789,-0.04617884987454062,0.028743801198326306
codeql_per_kloc,7,-0.014971027410540403,0.01907857540472889,-0.05236503520380903,0.02242298038272822
codeql_per_kloc,8,3.9578027835676655e-05,0.02013170494350967,-0.03941856366144328,0.03949771971711463
codeql_per_kloc,9,0.019848871895476836,0.02847321830702463,-0.03595863598629144,0.07565637977724511
codeql_per_kloc,10,0.022958656446614864,0.02802302246686759,-0.03196646758844562,0.07788378048167535
codeql_per_kloc,11,0.015428176722819854,0.027525136996801095,-0.03852109179091029,0.06937744523655
codeql_per_kloc,12,0.0169964186221422,0.028610829553166652,-0.03908080730206444,0.07307364454634883
codeql_high_per_kloc,-12,0.004293150843746731,0.01609070188237215,-0.02724462484570268,0.03583092653319614
codeql_high_per_kloc,-11,-0.006210664021089572,0.012819418898610001,-0.03133672506236518,0.01891539702018603
codeql_high_per_kloc,-10,0.0028937892166771553,0.012710432898145193,-0.022018659263687422,0.027806237697041734
codeql_high_per_kloc,-9,-0.0011946691755562767,0.010757768262787971,-0.0222798949706207,0.019890556619508146
codeql_high_per_kloc,-8,-0.009208416598079576,0.011293675681612412,-0.0313440209340399,0.01292718773788075
codeql_high_per_kloc,-7,-0.0036743742331293953,0.010505514123747246,-0.024265181915673995,0.016916433449415205
codeql_high_per_kloc,-6,0.00010542229127045652,0.00798974866452156,-0.0155544850911918,0.015765329673732714
codeql_high_per_kloc,-5,0.0004882162521672403,0.007167211667102236,-0.013559518615353143,0.014535951119687623
codeql_high_per_kloc,-4,-0.000791349125931113,0.006020762606603298,-0.012592043834873577,0.011009345583011351
codeql_high_per_kloc,-3,-0.0008231786557905962,0.004797777644750206,-0.010226822839501,0.008580465527919807
codeql_high_per_kloc,-2,0.0005845755745018093,0.003084088835086188,-0.005460238542267119,0.006629389691270738
codeql_high_per_kloc,0,-0.00899343271060233,0.0029596387481352652,-0.014794324656947449,-0.0031925407642572103
codeql_high_per_kloc,1,-0.006686210392944647,0.006054768906121008,-0.018553557448941823,0.005181136663052529
codeql_high_per_kloc,2,-0.00963091452960932,0.006320620151092877,-0.02201933002575136,0.002757500966532718
codeql_high_per_kloc,3,-0.018922055283876787,0.007208326161653436,-0.03305037456071752,-0.004793736007036054
codeql_high_per_kloc,4,-0.02217788784775929,0.009249566926701844,-0.04030703902409491,-0.004048736671423674
codeql_high_per_kloc,5,-0.026264945423895073,0.00939368072491704,-0.044676559644732466,-0.007853331203057676
codeql_high_per_kloc,6,-0.026328881766485065,0.010080331377627642,-0.04608633126663524,-0.006571432266334887
codeql_high_per_kloc,7,-0.031170399484232628,0.010750235750056989,-0.05224086155434433,-0.010099937414120928
codeql_high_per_kloc,8,-0.023088137445312528,0.011999186493299466,-0.04660654297217948,0.00043026808155442395
codeql_high_per_kloc,9,-0.006163351067727564,0.023149555603940167,-0.05153648005145029,0.03920977791599516
codeql_high_per_kloc,10,-0.0049162406786015245,0.02368056310156259,-0.0513301443576642,0.04149766300046115
codeql_high_per_kloc,11,-0.010830702224285619,0.02334233344171374,-0.05658167577004454,0.03492027132147331
codeql_high_per_kloc,12,-0.007993977459068512,0.024194759698403,-0.055415706467938385,0.03942775154980136
cwe_distinct,-12,-0.2101617901422948,0.04370007484908698,-0.29581393684650525,-0.12450964343808432
cwe_distinct,-11,-0.18409262683031344,0.041600499953671266,-0.26562960673950914,-0.10255564692111775
cwe_distinct,-10,-0.15383204384575339,0.039804666141707946,-0.23184918948350097,-0.07581489820800581
cwe_distinct,-9,-0.15483317357112664,0.039240592468862044,-0.23174473481009625,-0.07792161233215703
cwe_distinct,-8,-0.11977638840272717,0.03369945338208666,-0.18582731703161703,-0.05372545977383732
cwe_distinct,-7,-0.07775456607639478,0.027267359437474846,-0.13119859057384547,-0.024310541578944078
cwe_distinct,-6,-0.07732908276313193,0.026402155914595958,-0.12907730835574,-0.02558085717052385
cwe_distinct,-5,-0.06416178315634877,0.023919158774795085,-0.11104333435494713,-0.0172802319577504
cwe_distinct,-4,-0.03886829895167396,0.02058912691144704,-0.07922298769811015,0.0014863897947622398
cwe_distinct,-3,-0.030018919813901895,0.01480912971920076,-0.059044814063535386,-0.0009930255642684044
cwe_distinct,-2,-0.011903250249570448,0.010850338448369167,-0.03316991360837401,0.00936341310923312
cwe_distinct,0,0.012523177920002699,0.013945518933925283,-0.014810039190490856,0.039856395030496254
cwe_distinct,1,0.03476542340398887,0.019465943238118913,-0.0033878253427242003,0.07291867215070194
cwe_distinct,2,0.0286155236508897,0.02227161289883011,-0.01503683763081732,0.07226788493259673
cwe_distinct,3,0.014313406371397941,0.028720523929384085,-0.04197882053019487,0.07060563327299074
cwe_distinct,4,0.02829293768368528,0.030949347559000005,-0.03236778353195473,0.08895365889932529
cwe_distinct,5,0.03795152780917711,0.03175278501884062,-0.024283930827750502,0.10018698644610473
cwe_distinct,6,0.04898704586329683,0.03193921011902049,-0.013613805969983336,0.111587897696577
cwe_distinct,7,0.07466301867066705,0.028802391912395683,0.01821033052237151,0.1311157068189626
cwe_distinct,8,0.11076538830575967,0.030972486802698845,0.050059314172469935,0.17147146243904943
cwe_distinct,9,0.12895180490264047,0.031312500172718735,0.06757930456411174,0.1903243052411692
cwe_distinct,10,0.13283843872413992,0.032003264533909295,0.0701120402376777,0.19556483721060214
cwe_distinct,11,0.12213402195103948,0.03402816029159009,0.055438827779522915,0.18882921612255604
cwe_distinct,12,0.16558840930786486,0.03461016825844862,0.09775247952130557,0.23342433909442417
