outcome,rq,tool,logged,n,repos,b1,b1_se,b1_lo,b1_hi,b1_p,b2,b2_se,b2_lo,b2_hi,b2_p,b3,b3_se,b3_lo,b3_hi,b3_p,resid_lag1,rs_b2,rs_b2_lo,rs_b2_hi,rs_b2_p,rs_b3,rs_b3_lo,rs_b3_hi,rs_b3_p,b2_p_holm,b2_pct,b3_p_holm,b3_pct,rs_b2_p_holm,rs_b2_pct,rs_b3_p_holm,rs_b3_pct
smells_per_kloc,RQ1,sonar,1,2921,117,-0.009175839724728272,0.0020719862713955406,-0.013236932816663532,-0.005114746632793012,9.488041828136996e-06,-0.02066172530020676,0.013155874388096433,-0.04644723910087577,0.005123788500462249,0.11629133243052836,0.0009597564839490869,0.0026825276636459265,-0.004297997736796929,0.006217510704695103,0.7205074744010325,0.8355410389237076,-0.019181753155448213,-0.04587534848482405,0.0075118421739276235,0.1590018331115901,0.0013450259522162706,-0.003985410329222254,0.006675462233654795,0.6209067302223936,1.0,-2.0449734397049224,1.0,0.09602171975824358,1.0,-1.8998953997081736,1.0,0.1345930905305215
violations_per_kloc,RQ1,sonar,1,2921,117,-0.009390171362791936,0.001992754262968333,-0.01329596971820987,-0.005484373007374003,2.451081699615785e-06,-0.016331973003426776,0.0130711959097393,-0.04195151698651581,0.009287570979662253,0.2114958524465731,-0.0005367261610964043,0.0027246286999241583,-0.005876998412947755,0.004803546090754947,0.8438349171154362,0.8342146141048127,-0.014730452458235144,-0.04126597517490975,0.01180507025843946,0.27657783736364105,-0.00012033938093680745,-0.005550851492382066,0.005310172730508451,0.9653561148363967,1.0,-1.619932942450364,1.0,-0.05365821493764633,1.0,-1.4622490104952424,1.0,-0.012033214044393503
cognitive_per_kloc,RQ1,sonar,0,2921,117,0.2612841710488784,0.25501100310488894,-0.2385373950367039,0.7611057371344607,0.305552154687877,0.6669561357616585,1.197769598083288,-1.6806722764815862,3.014584548004903,0.5776423921441682,1.0144936760445045,0.28767651986585374,0.45064769710743113,1.5783396549815778,0.00042107773993268945,0.9003095040083067,0.720337450325954,-1.6689728918807,3.1096477925326083,0.5545824000346572,1.0282724825356493,0.4494842756219397,1.6070606894493589,0.0004974476328289197,1.0,,0.008842632538586479,,1.0,,0.010446400289407314,
cognitive_per_function,RQ1,sonar,1,2921,117,0.004249579275231928,0.0012874451116266458,0.0017261868564437026,0.006772971694020154,0.0009641479857283186,0.008829126474570388,0.008496673755279363,-0.007824354085777164,0.02548260703491794,0.298745491180049,0.004899147404662828,0.0015674822862218744,0.001826882123667954,0.007971412685657701,0.0017751018562833835,0.9263580485484046,0.00905601373136237,-0.007891464821903576,0.026003492284628317,0.294942393167671,0.0049587473064069895,0.0018187203498049218,0.008098774263009057,0.0019665207898421984,1.0,0.8868218175548392,0.0319518334131009,0.4911167849269038,1.0,0.9097143487170722,0.03736389500700177,0.49710622409666616
complexipy_per_function,RQ1,complexipy,1,2921,117,0.005005359285825635,0.0013836514955252893,0.002293402354596068,0.007717316217055202,0.00029746233001316,0.008069533944463197,0.008295614770830052,-0.008189871006363704,0.0243289388952901,0.33067908594653406,0.0037928472022059666,0.0018747465276320557,0.00011834400804713744,0.007467350396364796,0.04306022681743162,0.9161703952398469,0.007920325120185069,-0.008743594545521923,0.02458424478589206,0.3515516699058804,0.003755868225611931,-7.819452779474559e-06,0.007519555904003336,0.05047364861279653,1.0,0.8102180388282587,0.688963629078906,0.38000491495722155,1.0,0.7951773868463796,0.8075783778047445,0.37629303373618583
cyclomatic_radon,RQ1,radon,1,2921,117,0.00208814901132086,0.0006800776921028241,0.000755196734799325,0.003421101287842395,0.002137317745449686,0.0044120171188273575,0.00485903709781029,-0.005111695592880811,0.013935729830535527,0.3638769784060616,0.003252475636418639,0.001031102443150783,0.0012315148478431043,0.005273436424994174,0.0016084661201664998,0.9168620001807491,0.003971972726486225,-0.0058496621845077505,0.0137936076374802,0.42798487631763316,0.0031401102799297237,0.0010882563328833837,0.005191964226976063,0.0027038841363276555,1.0,0.4421764396135064,0.030560856283163497,0.3257770674405691,1.0,0.39798714645511435,0.048669914453897796,0.3145045590669415
cyclomatic_lizard,RQ1,lizard,1,2921,117,0.00282471352272288,0.0007202456594882032,0.001413032030126002,0.004236395015319758,8.786253380324956e-05,0.0043876624637850204,0.004949250254905488,-0.005312868035829736,0.014088192963399776,0.375331599951249,0.0035830401992490465,0.0010426392601464592,0.0015394672493619864,0.005626613149136107,0.000589260693320189,0.9196053697962703,0.0039026774757458995,-0.00613316180997458,0.01393851676146638,0.4459447401014667,0.0034588690387487428,0.0013937251704806155,0.00552401290701687,0.0010279408834389192,1.0,0.43973023484298324,0.01178521386640378,0.3589466961273491,1.0,0.39103028380353955,0.020558817668778383,0.3464857829085455
maintainability_radon,RQ1,radon,0,2921,117,-0.059281362092084434,0.034239942706889084,-0.12639164979758705,0.007828925613418171,0.08338916454870254,0.08870646767275815,0.23299512859287874,-0.3679639843692842,0.5453769197148005,0.7034092357109452,-0.012459081225325151,0.06172421218639319,-0.1334385371106558,0.1085203746600055,0.8400333710411931,0.8668186743879985,0.11613145642362273,-0.35566092369959346,0.5879238365468389,0.629484170499643,-0.005372565671771903,-0.12627039778094873,0.11552526643740492,0.9305918443208774,1.0,,1.0,,1.0,,1.0,
lizard_warnings_per_kloc,RQ1,lizard,1,2921,117,0.006652075442757026,0.00162210373021268,0.0034727521315401732,0.009831398753973878,4.1155707444221e-05,0.01758259906639171,0.011310934115446166,-0.004586831799882778,0.039752029932666195,0.120070423019771,0.0021323729460379875,0.0023116155668973437,-0.002398393565080806,0.006663139457156781,0.3562886742061059,0.8660507840318279,0.017004331814516774,-0.005768965259978224,0.039777628889011776,0.14333337411701286,0.00198264159718581,-0.0026211738625113077,0.006586457056882928,0.39862604075118424,1.0,1.7738082894522833,1.0,0.2134648070078793,1.0,1.7149728419656896,1.0,0.19846083305983253
duplication_pct,RQ1,sonar,1,2921,117,0.005961023383437928,0.0043931711813216655,-0.0026495921319525367,0.014571638898828393,0.17481809330625087,0.007934293998587355,0.027537006787389802,-0.04603823930469666,0.061906827301871366,0.7732456661413786,-0.011328393523959392,0.006862122676158562,-0.024778153969230172,0.0021213669213113896,0.09876747223259037,0.7684913647700614,0.008319615775863966,-0.04705116542042903,0.06369039697215696,0.7683792873531258,-0.011230257566751048,-0.02500245983371472,0.0025419447002126266,0.10998924720902742,1.0,0.7965853922569321,1.0,-1.1264468889553125,1.0,0.8354319954241296,1.0,-1.1167433620535072
debt_ratio_pct,RQ1,sonar,1,2921,117,-0.0007874167667096489,0.0007093607475415655,-0.002177763831891117,0.0006029302984718193,0.2669830278798484,-0.005775385030806009,0.00422158712512627,-0.014049695796053498,0.00249892573444148,0.1712932553041001,0.0007290340000351038,0.0008172815804320818,-0.0008728378976117766,0.002330905897681984,0.37238058302928867,0.7842341800390709,-0.005524637244129903,-0.0140323058407939,0.0029830313525340945,0.2031003522771907,0.0007939607676537505,-0.0008572857993352459,0.002445207334642747,0.34597910368650875,1.0,-0.575873955477324,1.0,0.07292998099126535,1.0,-0.5509404500494419,1.0,0.07942760379360259
comment_density_pct,RQ1,sonar,1,2921,117,-0.0013950796397114618,0.0017977028131490977,-0.004918577153483693,0.0021284178740607696,0.437728538300031,0.03288542513427451,0.015296899338489203,0.002903502430835675,0.06286734783771335,0.031570257382850346,0.009495715144770546,0.0032963528632641978,0.003034863532772719,0.015956566756768376,0.003968269347709003,0.8835715900515998,0.03280463208727276,0.002073570645891351,0.06353569352865417,0.036416112522159365,0.009478887253045146,0.0028412227834076244,0.016116551722682667,0.005126601276820444,0.6629754050398573,3.3432127110707865,0.06746057891105305,0.9540942489802307,0.7647383629653467,3.3348636353070837,0.08715222170594755,0.9523954187068862
bugs_per_kloc,RQ1,sonar,1,2921,117,-0.0006340203281995343,0.0016457951223947615,-0.003859778768093267,0.0025917381116941983,0.7000622141679003,-0.014519523782560103,0.009878071057569883,-0.033880543055397075,0.004841495490276869,0.141595773766336,-0.00475844934416451,0.002387554625367136,-0.009438056409884096,-7.884227844492334e-05,0.04625901748006349,0.7409125141124177,-0.013817779037379007,-0.03380474949105884,0.006169191416300826,0.17540955579219653,-0.004577491475928668,-0.009385066805941852,0.00023008385408451477,0.06201379019825584,1.0,-1.4414623810039773,0.6938852622009524,-0.4747145860209856,1.0,-1.3722751720962156,0.9302068529738377,-0.45670307292355883
functions_per_kloc,RQ1,sonar,1,2921,117,-0.004324957183245658,0.001169153912650558,-0.006616498852040752,-0.0020334155144505644,0.0002162633388630411,-0.005961800250035345,0.007624643393019,-0.020906101300352583,0.008982500800281894,0.43426628563426517,4.383960367278474e-05,0.001766193738777725,-0.003417900124331556,0.003505579331677126,0.980197330175304,0.8770366778412726,-0.005929188582602378,-0.021228310185586713,0.009369933020381957,0.4474938421607392,5.0082206705155636e-05,-0.0034899184809085745,0.0035900828943188855,0.9778781934342785,1.0,-0.5944063983122416,1.0,0.004384056464235009,1.0,-0.5911645632921902,1.0,0.005008346083990034
loc_per_function,RQ1,lizard,1,2921,117,0.0033660311162326075,0.0010689813107863915,0.0012708277470912803,0.005461234485373934,0.0016393040763332725,0.008464984716995146,0.007176752622121331,-0.005601450422362663,0.022531419856352954,0.2381988594850094,0.002090837248501346,0.0015250832578970683,-0.0008983259369769077,0.0050800004339796,0.1703855644155592,0.8850619841037279,0.008221361633479281,-0.006193355413294233,0.022636078680252796,0.2636198804717991,0.0020304269598506322,-0.0010396147529494306,0.005100468672650695,0.19487868083642235,1.0,0.8500914008871208,1.0,0.2093024572882074,1.0,0.8255249832419098,1.0,0.20324896724965846
sonar_vuln_per_kloc,RQ2,sonar,1,2921,117,-0.0039423756705907675,0.0019653938954636014,-0.007794547705699427,-9.020363548210885e-05,0.044867349612861346,-0.0008112577778681112,0.010063767395493067,-0.020536241873034523,0.018913726317298298,0.935750731228016,0.0002757888763464817,0.0030090876460500105,-0.005622022909911539,0.006173600662604502,0.9269745417429615,0.8278165961593813,0.0011703252208845162,-0.01876964536283961,0.02111029580460864,0.908415674228601,0.0007861833998598461,-0.005329442688174428,0.00690180948789412,0.8010686559750394,1.0,-0.0810928797245758,1.0,0.027582690959504497,1.0,0.11710103186821641,1.0,0.07864925230327557
bandit_per_kloc,RQ2,bandit,1,2921,117,-0.001061256502625984,0.0021921145125688647,-0.005357800947260959,0.0032352879420089907,0.6282974628114787,-0.020586407059659376,0.013009642601182755,-0.04608530655797757,0.004912492438658822,0.11355918597071071,-0.005704563029595847,0.003212109665490794,-0.012000297973957803,0.0005911719147661089,0.07574029300893817,0.8802220783276817,-0.019320365018858653,-0.04529845896962284,0.006657728931905537,0.14492698969480639,-0.005383095529642308,-0.011845736724049387,0.0010795456647647705,0.10255447911243261,1.0,-2.037595361603184,1.0,-0.5688322905528231,1.0,-1.9134922956402733,1.0,-0.5368632634255022
bandit_high_per_kloc,RQ2,bandit,1,2921,117,-0.0016942161529234835,0.0008858742569260842,-0.0034305296964986087,4.2097390651641515e-05,0.055814748941395965,-0.006684162001467196,0.007481938537266189,-0.021348761534508924,0.007980437531574534,0.3716574478206337,0.002457845518930654,0.0023136781177831864,-0.0020769635919243917,0.006992654629785699,0.2880945607677108,0.8857019081628995,-0.005574537232022823,-0.0202910490146874,0.009141974550641752,0.45782219261061396,0.0027439454346514323,-0.001900522192834605,0.00738841306213747,0.2468781356278119,1.0,-0.666187268009788,1.0,0.24608684973921324,1.0,-0.5559028331044935,1.0,0.27477134985913754
codeql_per_kloc,RQ2,codeql,1,2921,117,-0.0004209792301984892,0.0017669018458095986,-0.0038841068479853022,0.0030421483875883236,0.8116806740276086,-0.002308408159674277,0.02487706999536601,-0.05106746535059166,0.0464506490312431,0.9260683250593007,0.0017972290955304416,0.0033509624176192485,-0.004770657243003285,0.00836511543406417,0.5917289699594994,0.8092795509631867,-0.0015148515757168052,-0.05138926818679798,0.04835956503536437,0.952528612806056,0.0020013755162113967,-0.004721256423523773,0.008724007455946568,0.5595527252148191,1.0,-0.23057458345301374,1.0,0.1798845079694189,1.0,-0.1513704767223234,1.0,0.20033796049447883
codeql_high_per_kloc,RQ2,codeql,1,2921,117,8.351077318404702e-05,0.0014678004540919357,-0.002793378116836147,0.002960399663204241,0.9546286927343656,-0.016210483907854605,0.010283465704764641,-0.0363660766891933,0.00394510887348409,0.11494196737064065,0.0001125503650000637,0.002795539484607648,-0.0053667070248309265,0.005591807754831053,0.9678852885031821,0.8258405603287036,-0.015496298847441251,-0.03610373310538208,0.005111135410499578,0.1405157260434901,0.00029685760481686953,-0.005323048606982636,0.0059167638166163754,0.9175406441042592,1.0,-1.6079801110265746,1.0,0.011255669903009746,1.0,-1.5376849014516303,1.0,0.029690167139606594
cwe_distinct,RQ2,codeql+bandit,1,2921,117,0.019136554251422147,0.004340544689244307,0.010629086660503306,0.027644021842340986,1.0394929101496148e-05,-0.03491230088738871,0.028788215611477104,-0.09133720348588384,0.02151260171110641,0.2252334889131572,-0.0064019518939786735,0.004637589211890378,-0.015491626749283813,0.0026877229613264664,0.1674486740543163,0.8189973968814883,-0.035441816101192056,-0.09308208072421673,0.02219844852183262,0.2281400793997178,-0.006549941160915532,-0.015794353813901502,0.0026944714920704394,0.16491843869324518,1.0,-3.430989729088607,1.0,-0.6381503060705063,1.0,-3.4821109532815253,1.0,-0.6528537053687278
