outcome,rq,tool,logged,n,repos,b1,b1_se,b1_lo,b1_hi,b1_p,b2,b2_se,b2_lo,b2_hi,b2_p,b3,b3_se,b3_lo,b3_hi,b3_p,resid_lag1,b2_p_holm,b2_pct,b3_p_holm,b3_pct
smells_per_kloc,RQ1,sonar,1,2921,117,-0.009172002983029708,0.0020142783775818937,-0.01311998860309022,-0.0052240173629691964,5.2762366930056095e-06,-0.013991154166972053,0.014093555311073402,-0.041614522576675916,0.013632214242731814,0.32083951018177415,0.0002604366021344383,0.0027195616384450014,-0.005069904209217765,0.005590777413486641,0.9237078633192312,0.828914885858558,1.0,-1.3893732844331708,1.0,0.02604705186906031
violations_per_kloc,RQ1,sonar,1,2921,117,-0.009358678989977597,0.001927627900469265,-0.013136829674897356,-0.005580528305057838,1.2037239398985494e-06,-0.009746157462874423,0.013910189533563638,-0.037010128948659154,0.017517814022910305,0.48352222211900664,-0.001304042088149204,0.0027677873017872704,-0.006728905199652254,0.004120821023353846,0.6375338534570159,0.8271481248479158,1.0,-0.9698817589010922,1.0,-0.13031921947377345
cognitive_per_kloc,RQ1,sonar,0,2921,117,0.27508238747428204,0.25129977743779086,-0.21746517630378803,0.7676299512523521,0.2736750834187609,0.4915343092691485,1.2608171635081744,-1.9796673312068733,2.9627359497451704,0.6966446894877326,1.0123708008314665,0.29321725048772407,0.43766498987552727,1.5870766117874058,0.0005551490231110479,0.899050539647834,1.0,,0.011102980462220958,
cognitive_per_function,RQ1,sonar,1,2921,117,0.003968168982538039,0.0013265772901074155,0.0013680774939275045,0.0065682604711485735,0.0027780729718724973,0.00589294803966438,0.008182944745973425,-0.010145623662443532,0.021931519741772293,0.4714326165147118,0.005379199590585151,0.0016478894906441152,0.0021493361889226856,0.008609062992247618,0.0010973633372037554,0.9207501460038905,1.0,0.5910345615511403,0.019752540069667597,0.5393693461523741
complexipy_per_function,RQ1,complexipy,1,2921,117,0.004666716722120649,0.0013952881120599487,0.0019319520224831497,0.007401481421758149,0.0008239363178249591,0.004509005720651478,0.00819860415814857,-0.01156025842931972,0.020578269870622674,0.5823383280522803,0.004364625946685888,0.0019471649062205883,0.0005481827304935349,0.008181069162878241,0.024991851087318197,0.9073786501738959,1.0,0.4519186583050061,0.39986961739709115,0.43741647993051913
cyclomatic_radon,RQ1,radon,1,2921,117,0.0018886049268399218,0.0007330179233851468,0.00045188979700503426,0.0033253200566748095,0.009981240981767793,0.002560165429561181,0.004801422043091399,-0.006850621774897961,0.011970952634020324,0.5938883378999186,0.0035741301938661155,0.001081499371561638,0.0014543914256053047,0.005693868962126926,0.0009504699646923557,0.9091077663667531,1.0,0.2563445451610358,0.01805892932915476,0.3580525013557212
cyclomatic_lizard,RQ1,lizard,1,2921,117,0.002632930897524167,0.0007598386648752603,0.0011436471143686567,0.004122214680679677,0.0005299981951539482,0.0020967373095784705,0.004793830553020199,-0.007299170574341119,0.011492645193498059,0.6618340160624783,0.0039335065885245995,0.0010888655725164907,0.001799330066392278,0.006067683110656921,0.00030328090907955736,0.9107725432969268,1.0,0.20989370003736685,0.006368899090670704,0.3941252979061449
maintainability_radon,RQ1,radon,0,2921,117,-0.04655017135639505,0.03501166577659863,-0.11517303627852837,0.022072693565738273,0.1836627102317986,0.10285933091015545,0.23802097143537773,-0.3636617731031849,0.5693804349234958,0.6656367686711457,-0.025160522462318122,0.06338775782083739,-0.1494005277911594,0.09907948286652316,0.6914188510441363,0.8599642005509913,1.0,,1.0,
lizard_warnings_per_kloc,RQ1,lizard,1,2921,117,0.006547519656540305,0.00159094246914084,0.003429272417024258,0.009665766896056352,3.863452882126412e-05,0.013761519134300928,0.012170951321193816,-0.01009354545523895,0.0376165837238408,0.2581874534455125,0.0024733098229139843,0.0023699119214128143,-0.0021717175430551313,0.0071183371888831,0.29665687224382586,0.863902164984229,1.0,1.3856644695281695,1.0,0.2476370976861153
duplication_pct,RQ1,sonar,1,2921,117,0.004388970820309597,0.004345341255918547,-0.004127898041290755,0.01290583968190995,0.3124758685525263,0.002412290499734371,0.028005053064610756,-0.052477613506902714,0.05730219450637145,0.9313569649240444,-0.009243381229111503,0.006936388255493578,-0.022838702209878915,0.0043519397516559085,0.18266546063801037,0.756136551983484,1.0,0.24152024134518335,1.0,-0.9200792503129995
debt_ratio_pct,RQ1,sonar,1,2921,117,-0.0007028458783959554,0.0006614675941950373,-0.0019993223630182283,0.0005936306062263177,0.28798368069883584,-0.004103841379120992,0.0044888595824172295,-0.012902006160658761,0.004694323402416777,0.3605970237562035,0.00044213486065285303,0.0008164378195980738,-0.0011580832657593716,0.0020423529870650776,0.5881344863858333,0.7734905536140606,1.0,-0.4095432129430421,1.0,0.04422326166768631
comment_density_pct,RQ1,sonar,1,2921,117,-0.0011690822293507841,0.00177745799581046,-0.004652899901139286,0.0023147354424377176,0.5107135283303056,0.028982860570656372,0.014110235231657582,0.0013267995166075103,0.056638921624705234,0.03997269151435681,0.009443905211252926,0.0034325720083906905,0.0027160640748071724,0.01617174634769868,0.005936612615544336,0.8763609761855898,0.839426521801493,2.9406950876230242,0.1009224144642537,0.9488639595605086
bugs_per_kloc,RQ1,sonar,1,2921,117,-0.0006168544130329216,0.001674318962488156,-0.003898519579509707,0.002664810753443864,0.7125592759880048,-0.013405485204071026,0.010026135208435179,-0.03305671021260398,0.006245739804461924,0.18120497771320454,-0.004935645035208876,0.002437738931327558,-0.00971361334061089,-0.00015767672980686234,0.04290007445004258,0.7411478255483978,1.0,-1.3316031855279853,0.6435011167506387,-0.49234847537555915
functions_per_kloc,RQ1,sonar,1,2921,117,-0.003939108882651375,0.0011779943767507004,-0.006247977861082748,-0.0016302399042200022,0.0008260609995828941,-0.0027533024851919396,0.0074729614693185755,-0.017400306965056348,0.011893701994672469,0.712548711667254,-0.0005394360049750001,0.0017380041389988604,-0.003945924117412766,0.0028670521074627663,0.7562745036724408,0.8664002375554343,1.0,-0.2749515624159704,1.0,-0.05392905355315891
loc_per_function,RQ1,lizard,1,2921,117,0.0030428072529394856,0.001127922572023803,0.0008320790117728317,0.00525353549410614,0.006981837223783801,0.007059499708657014,0.007148472166119502,-0.006951505736937211,0.02107050515425124,0.3233713004866934,0.002483342060701597,0.0015878511095060637,-0.0006288461139302877,0.0055955302353334815,0.11782600996765186,0.8765807895618548,1.0,0.7084476717193589,1.0,0.24864281086389717
sonar_vuln_per_kloc,RQ2,sonar,1,2921,117,-0.003799809434357153,0.0020059876619302934,-0.007731545251740528,0.00013192638302622194,0.05819399661431396,-0.0006535458081188515,0.010649210334157253,-0.021525998063067067,0.020218906446829363,0.9510642619162623,0.0002140082824963507,0.003058185903032446,-0.005780036087447243,0.0062080526524399444,0.9442105066511429,0.8272296776523919,1.0,-0.06533322935735608,1.0,0.021403118390250775
bandit_per_kloc,RQ2,bandit,1,2921,117,-0.0009643810779031319,0.0021162343673262808,-0.005112200437862643,0.0031834382820563785,0.6486012779267822,-0.02139138236682331,0.01331597689494641,-0.04749069708091827,0.004707932347271657,0.10817620550199637,-0.005652609318440374,0.0032471325522882557,-0.012016989120925355,0.0007117704840446069,0.08171858952665755,0.8793481035308721,1.0,-2.116420947785791,1.0,-0.5636663381917595
bandit_high_per_kloc,RQ2,bandit,1,2921,117,-0.0017612684065751623,0.0008895641340323193,-0.0035048141092785083,-1.772270387181648e-05,0.04771219195276264,-0.00830720327763011,0.007871668603478465,-0.023735673740447903,0.00712126718518768,0.2912747010104092,0.0027783083121762702,0.002465622111661181,-0.0020543110266796442,0.007610927651032185,0.2598192780292785,0.8829632848543307,1.0,-0.8272793812546642,1.0,0.2782171387491372
codeql_per_kloc,RQ2,codeql,1,2921,117,-0.00018279248863642644,0.0018570027617906112,-0.0038225179017460243,0.003456932924473172,0.9215875584649763,-0.005086926206899519,0.023103644876670826,-0.050370070165174335,0.0401962177513753,0.8257321290530115,0.0019224952643040652,0.0033954635816815367,-0.004732613355791747,0.008577603884399878,0.5712610760430432,0.8062474433815721,1.0,-0.5074009708821103,1.0,0.19243444431473744
codeql_high_per_kloc,RQ2,codeql,1,2921,117,0.00017705731466274258,0.0014871129259157285,-0.0027376840201320854,0.0030917986494575704,0.9052269417778295,-0.01642493577872672,0.010463735416844356,-0.03693385719574166,0.004083985638288216,0.11648469223270586,0.00014671832689439653,0.0029330407569148594,-0.005602041556658727,0.0058954782104475205,0.9601043780361365,0.823546297770924,1.0,-1.6290782014273142,1.0,0.014672909055457595
cwe_distinct,RQ2,codeql+bandit,1,2921,117,0.018187100342211118,0.004341421489558947,0.009677914222675582,0.026696286461746654,2.7993464331055896e-05,-0.044417483299841166,0.026864835443472523,-0.0970725607690473,0.008237594169364974,0.09825580924691121,-0.004586543539900531,0.004781924280380859,-0.013959115129447015,0.0047860280496459535,0.3374873069687565,0.8098169540507243,1.0,-4.344547143966349,1.0,-0.45760414113703574
