outcome,rq,tool,logged,n,repos,converged,b0,b0_se,b0_lo,b0_hi,b0_p,b1,b1_se,b1_lo,b1_hi,b1_p,b2,b2_se,b2_lo,b2_hi,b2_p,b3,b3_se,b3_lo,b3_hi,b3_p,var_repo,var_resid,icc,b2_p_holm,b2_p_bh,b2_pct,b3_p_holm,b3_p_bh,b3_pct
smells_per_kloc,RQ1,sonar,1,2921,117,1,2.6963254513912114,0.05344831012783748,2.59156676354065,2.8010841392417727,0.0,-0.00917598390218607,0.0010634826300493798,-0.011260409857082853,-0.007091557947289285,6.23029650116434e-18,-0.020660874495666712,0.010254784642182267,-0.04076025239434396,-0.0005614965969894699,0.04393036849935307,0.000959900661408551,0.0014192182836080377,-0.001821767174463203,0.0037415684972803053,0.49881291955961704,0.32709929956116945,0.018806546332562853,0.9456310248704484,0.8786073699870613,0.2624278226171063,-2.044890099088148,1.0,0.6546919569219974,0.09603615134941013
violations_per_kloc,RQ1,sonar,1,2921,117,1,2.7942387040950862,0.05341053609384503,2.68955405335115,2.8989233548390225,0.0,-0.00939037947112328,0.0010670461111449553,-0.011481789848967392,-0.007298969093279168,1.3638984865025376e-18,-0.016330854845397577,0.010289146073404346,-0.0364975811492701,0.0038358714584749397,0.11246906683590269,-0.0005365180527637449,0.0014239737552021962,-0.0033275066129600495,0.0022544705074325597,0.7063406429527107,0.32657912018812857,0.01893279036864216,0.9452036535060886,1.0,0.2624278226171063,-1.6198229379269735,1.0,0.8240640834448292,-0.05363741526893673
cognitive_per_kloc,RQ1,sonar,0,2921,117,1,167.7243301173671,6.404632948656698,155.17124953799996,180.27741069673422,3.643484325214376e-151,0.261307098251521,0.14246913399430258,-0.017932404377312083,0.5405466008803541,0.06663450590452297,0.6668664631971013,1.3737793870646768,-2.0257411354496653,3.359474061843868,0.62737510644069,1.014470748842005,0.19012517054702782,0.6418254145698306,1.3871160831141796,9.512182625761668e-08,4671.173487171441,337.5125901657824,0.932614545021513,1.0,0.7749927785443816,,1.7121928726371004e-06,4.993895878524876e-07,
cognitive_per_function,RQ1,sonar,1,2921,117,1,1.3648022580146677,0.0344957113803641,1.2971906637091541,1.4324138523201813,0.0,0.004250379510097377,0.000785029263695152,0.002711722153254879,0.005789036866939875,6.153087385852668e-08,0.008826168533863227,0.007569759299289765,-0.006010559692744713,0.023662896760471168,0.24362356875450375,0.004898347169798388,0.0010476221813128133,0.002845007694425274,0.006951686645171502,2.929796788086206e-06,0.13533564473726015,0.01024755202757502,0.9296103379009585,1.0,0.4650995403495071,0.8865234007591205,4.98065453974655e-05,1.2305146509962065e-05,0.4910363684638597
complexipy_per_function,RQ1,complexipy,1,2921,117,1,1.4420560764769264,0.03537465554242509,1.372721751613773,1.5113904013400796,0.0,0.005006178600224598,0.0008133401267824471,0.003412031951731002,0.006600325248718194,7.503666528634613e-10,0.008066498252749589,0.007842751066226866,-0.0073052938370550685,0.023438290342554246,0.30370097619646996,0.003792027887808073,0.0010854030606495856,0.0016646378889348854,0.005919417886681261,0.000476449636309563,0.1422353079307007,0.011000004313709495,0.9282149515500416,1.0,0.4830727559895044,0.8099120105492297,0.006670294908333881,0.0012148176807262145,0.3799226722076332
cyclomatic_radon,RQ1,radon,1,2921,117,1,1.4117643129571966,0.02018679268892377,1.3721981992869061,1.4513304266274871,0.0,0.002088282343809582,0.0004402027686865686,0.0012254849171839074,0.002951079770435256,2.0963194986533592e-06,0.004411555383103025,0.004244719217057117,-0.003908094282328924,0.012731205048534974,0.29866318651778145,0.0032523423039308424,0.0005874509288945951,0.002100938483297436,0.004403746124564249,3.088150389381213e-08,0.04645543074692042,0.003222210556488077,0.9351376097587187,1.0,0.4830727559895044,0.442130061883117,5.867485739824305e-07,2.1617052725668493e-07,0.3257636907560313
cyclomatic_lizard,RQ1,lizard,1,2921,117,1,1.419942653064266,0.0202447747547621,1.3802628945449322,1.4596224115835998,0.0,0.002824919675256446,0.0004661756269723115,0.0019112154463907156,0.003738623904122177,1.3631160808634008e-09,0.004386927429456015,0.004495166667936774,-0.004423599239700062,0.013197454098612092,0.3291036278544608,0.00358283404671644,0.0006221117561519965,0.002363495004658527,0.004802173088774353,8.453925723043866e-09,0.04658115706878315,0.003613662537805499,0.9280072611849538,1.0,0.4830727559895044,0.4396564082203902,1.690785144608773e-07,8.87662200919606e-08,0.3589260068784572
maintainability_radon,RQ1,radon,0,2921,117,1,71.72647605476948,0.8197255568019377,70.11981396343768,73.33313814610128,0.0,-0.059279787913619264,0.021397876252851077,-0.10121962536920737,-0.017339950458031154,0.00559946275719316,0.08870230532307169,0.2063322019138338,-0.31570881042804255,0.493113421074186,0.6672680620996747,-0.012460655403746452,0.028555487052731587,-0.06842941002710036,0.04350809921960746,0.662570904941371,75.72875866475776,7.613600125824081,0.9086466925545613,1.0,0.7784794057829538,,1.0,0.8184699413981642,
lizard_warnings_per_kloc,RQ1,lizard,1,2921,117,1,0.7747263109528164,0.03626648731840975,0.7036439958087333,0.8458086260968996,3.013307072225211e-101,0.006653272810430146,0.0010869759283582976,0.004522799990847882,0.00878374563001241,9.30472943103233e-10,0.01757806505835772,0.01048133055781995,-0.0029653428349693846,0.03812147295168482,0.09352618241175777,0.0021311755783656695,0.0014505707162599552,-0.0007119430255038426,0.004974294182235182,0.14177909576482187,0.14642921461618086,0.01964666920265894,0.8817006494206583,1.0,0.2624278226171063,1.7733468472339586,1.0,0.2126686436472328,0.2133448147166206
duplication_pct,RQ1,sonar,1,2921,117,1,1.177540668497483,0.08017553096471661,1.0203966278066385,1.3346847091883274,7.80575127271766e-49,0.005959615752733175,0.002446117829244216,0.0011652248074145114,0.010754006698051839,0.014836043327144041,0.0079405870207388,0.023587064293921576,-0.03829005899534749,0.054171233036825084,0.7363807010974989,-0.011326985893252673,0.003264347361926726,-0.017725106722629055,-0.00492886506387629,0.0005206361488826634,0.7143305980246928,0.09949560311204698,0.8777434260864628,1.0,0.8138944591077619,0.7972197093974787,0.0067682699354746235,0.0012148176807262145,-1.1263077114079145
debt_ratio_pct,RQ1,sonar,1,2921,117,1,0.34390160587149765,0.017168463341719963,0.31025141772172654,0.37755179402126876,2.956206796450292e-89,-0.0007873614057577386,0.00037060414437505365,-0.0015137455287328437,-6.09772827826335e-05,0.033625448389417514,-0.005775526689977383,0.003573604307982044,-0.012779791133622188,0.0012287377536674233,0.1060590984408302,0.0007289786390834196,0.0004945715081340176,-0.00024038151685925485,0.001698338795026094,0.14049235100948254,0.03361973507186805,0.002283856983609846,0.9363891785512477,1.0,0.2624278226171063,-0.5758880398156419,1.0,0.2126686436472328,0.07292444085877925
comment_density_pct,RQ1,sonar,1,2921,117,1,2.9203105132596736,0.05287319884956634,2.8166790435145237,3.0239419830048235,0.0,-0.0013958199623741439,0.0011707211359841953,-0.0036904333889031665,0.0008987934641548788,0.23315396284498424,0.032888253803317107,0.011288849053361062,0.010762109658729424,0.05501439794790479,0.003575852031180768,0.009496455467435076,0.0015623282617677817,0.006434292074370224,0.012558618860499929,1.2138795470783278e-09,0.3184331815781882,0.022790576800910504,0.9332092908501692,0.07509289265479613,0.07509289265479613,3.3435050352307982,2.5491470488644884e-08,2.5491470488644884e-08,0.9541689876119586
bugs_per_kloc,RQ1,sonar,1,2921,117,1,0.3900840732611897,0.034580541890879536,0.3223062111550658,0.4578619353673136,1.6390541872479112e-29,-0.0006342532637659074,0.0008678431867567413,-0.0023352259098091206,0.0010667193822773056,0.4648777684825829,-0.01451847745752887,0.008368306206337824,-0.030920357621951007,0.0018834027068932654,0.0827521045109052,-0.004758216408598787,0.0011581375413519696,-0.007028165989648647,-0.0024882668275489263,3.982248197696896e-05,0.135157448450493,0.012523656571421491,0.9151979762775807,1.0,0.2624278226171063,-1.4413592566850708,0.0006371597116315034,0.00013937868691939138,-0.47469140303962876
functions_per_kloc,RQ1,sonar,1,2921,117,1,4.020215501723098,0.03170062620042782,3.9580822743702595,4.082348729075936,0.0,-0.00432548478090758,0.0006545870676668153,-0.005608475433534538,-0.003042494128280622,3.8965345090295595e-11,-0.005959934971214744,0.006311950480494814,-0.01833135791298458,0.006411487970555092,0.3450519685639317,4.4367201336992126e-05,0.0008735469010168811,-0.001667784724656095,0.001756519127330079,0.9594930836270397,0.1148728207286492,0.0071249715294919,0.9415975371552968,1.0,0.4830727559895044,-0.5942209789909114,1.0,0.9594930836270397,0.0044368185575738295
loc_per_function,RQ1,lizard,1,2921,117,1,2.676230009835262,0.030428788526264815,2.616589584323783,2.7358704353467407,0.0,0.0033664999780157797,0.0005860252221656834,0.0022178905425710403,0.004515109413460519,9.212042753328124e-09,0.008463269073146831,0.005650832475634792,-0.0026123625790973604,0.019538900725391023,0.13421041726231808,0.0020903683867197777,0.0007820510342752198,0.0005575483595403469,0.0036231884138992086,0.007519173369641012,0.10616441664676554,0.005710587851332364,0.9489556413700125,1.0,0.281841876250868,0.8499183781966346,0.09023008043569214,0.015790264076246126,0.20925547298713543
sonar_vuln_per_kloc,RQ2,sonar,1,2921,117,1,0.4758887830711934,0.04654378534924746,0.3846629637866684,0.5671146023557184,1.539575531252834e-24,-0.0039419009175368025,0.0010083594076063242,-0.005918285356445199,-0.001965516478628407,9.259379134785972e-05,-0.0008129515942380394,0.00972325213185973,-0.01987052577268311,0.01824462258420703,0.9333672941231829,0.0002753141232919936,0.0013456563871354012,-0.0023621723954933924,0.00291280064207738,0.8378888207191263,0.24704344588763794,0.01690748747462746,0.9359445815960712,1.0,0.9333672941231829,-0.08126212386178056,1.0,0.9260876439527185,0.027535202570350137
bandit_per_kloc,RQ2,bandit,1,2921,117,1,0.6788678628276626,0.05433708334544514,0.5723671794705902,0.7853685461847351,8.086912853098889e-36,-0.0010613360932770033,0.0011887057725742524,-0.003391199407522538,0.0012685272209685314,0.37193744115454486,-0.020585928250029854,0.011462268352612864,-0.04305197422115106,0.0018801177210913574,0.0724987589038274,-0.005704483438945591,0.0015863287602282078,-0.008813687808992877,-0.0025952790688983035,0.0003231124103865846,0.33652779109463077,0.023496172708693638,0.9347371978785022,1.0,0.2624278226171063,-2.037548456249283,0.004846686155798769,0.0009693372311597538,-0.5688243767612122
bandit_high_per_kloc,RQ2,bandit,1,2921,117,1,0.10425414586874457,0.014404431077030532,0.07602146095776473,0.1324868307797244,4.565455078001001e-13,-0.001692446077848603,0.0007860484032284845,-0.0032331009481764324,-0.00015179120752077343,0.031310294388598794,-0.006690631691965025,0.007579620005951953,-0.021546686903630853,0.008165423519700801,0.3773911726775564,0.0024560754438556847,0.001048984658569171,0.0004000655130601098,0.0045120853746512595,0.01921241739658386,0.0203769342624584,0.010274285191782244,0.6648001164481964,1.0,0.4953259141392928,-0.6668299249552367,0.19212417396583858,0.03362173044402175,0.2459094067965628
codeql_per_kloc,RQ2,codeql,1,2921,117,1,0.21345436635537274,0.026903680065817778,0.1607231534263699,0.2661855792843756,2.1216196174465594e-15,-0.00041886140479532587,0.0012528259208647123,-0.002874400209690162,0.0020366774000995106,0.7381280768007904,-0.002316074638587122,0.012080591233811786,-0.02599403345685822,0.021361884179683977,0.8479625966484131,0.0017951112701275038,0.001671899692137964,-0.0014818121264629058,0.005072034666717913,0.2829591536375674,0.07478067942007284,0.026099540327208976,0.7412818846688504,1.0,0.8903607264808339,-0.2313394607171615,1.0,0.39614281509259436,0.17967234468980742
codeql_high_per_kloc,RQ2,codeql,1,2921,117,1,0.1592607358033784,0.0209759800273563,0.11814781494976007,0.20037365665699675,3.137213386937622e-14,8.622127533319566e-05,0.0008941599156775798,-0.0016663321593948608,0.0018387747100612523,0.9231813450898613,-0.016220646786456794,0.008622086057370422,-0.03311993545890282,0.000678641885989234,0.05993244104525735,0.0001098398628510275,0.0011932584693810627,-0.0022289467371358553,0.0024486264628379105,0.9266580337861197,0.04643362165158164,0.013294777301910784,0.7774127963439507,1.0,0.2624278226171063,-1.608980052098985,1.0,0.9594930836270397,0.010984589546958468
cwe_distinct,RQ2,codeql+bandit,1,2921,117,1,1.9089481818131186,0.06944233816368378,1.7728411990122985,2.045055164613939,2.3320372061143672e-166,0.019138992439607514,0.002002799878110622,0.015213504678510695,0.023064480200704333,1.2225639988882802e-21,-0.03492140174975264,0.019312299998390438,-0.0727735097465979,0.0029307062470926154,0.07056812127087916,-0.006404390082163849,0.002672738749530574,-0.011642958031243773,-0.0011658221330839245,0.016566496647334554,0.5388890892823703,0.06669973007214443,0.8898597068829005,1.0,0.2624278226171063,-3.431868586360509,0.1822314631206801,0.03162694814491142,-0.6383925686631486
