outcome,rq,tool,logged,repos,median_pre,median_post,median_diff,ci_lo,ci_hi,median_pct,pct_lo,pct_hi,median_diff_raw,n_up,n_down,n_tied,wilcoxon_W,p,effect_r,p_holm,p_bh
smells_per_kloc,RQ1,sonar,1,116,14.302908565043351,13.180803980543073,-0.10242563299814822,-0.12178975845218432,-0.06886496341304538,-9.735472572024639,-11.466551697051486,-6.654727816247363,-1.2967523824807374,21,95,0,780.0,6.085535011292475e-13,-0.7701149425287356,1.217107002258495e-11,5.107662710597724e-12
violations_per_kloc,RQ1,sonar,1,116,15.586844594443313,13.948900120597546,-0.09812884671347955,-0.13437182642020318,-0.07328652217256959,-9.346790745207601,-12.573507063885014,-7.066548306952358,-1.4378130235331015,20,96,0,777.0,5.727503098106933e-13,-0.770999115826702,1.2027756506024558e-11,5.107662710597724e-12
cognitive_per_kloc,RQ1,sonar,0,116,151.5815616024266,169.7758930051134,6.274938766778163,1.6100080012179205,10.704231626281569,,,,6.274938766778163,75,41,0,1979.0,9.802561408339928e-05,0.41674034777483054,0.0009802561408339928,0.00017154482464594876
cognitive_per_function,RQ1,sonar,1,116,2.5209589328057547,3.025558433734835,0.0567564873157107,0.04181530776740061,0.07910720717484532,5.8398045663137,4.2701882027224025,8.232034835760338,0.2263681053534603,94,22,0,1039.0,8.871233987910301e-11,0.6937813144709697,1.330685098186545e-09,2.6613701963730905e-10
complexipy_per_function,RQ1,complexipy,1,116,2.8345000000000002,3.31475,0.056172853358656516,0.04025317989817001,0.08908848708758066,5.778050884886454,4.107431991904487,9.317738412961706,0.28000000000000025,96,20,0,894.0,5.799352284127945e-12,0.7365163572060124,1.04388341114303e-10,3.0446599491671713e-11
cyclomatic_radon,RQ1,radon,1,116,2.8754999999999997,3.1825,0.03340932129541252,0.019124499125486194,0.04928999978414206,3.397368008127244,1.9308543740374384,5.052495858101369,0.15249999999999986,98,18,0,925.0,1.0528088816687076e-11,0.7273798997936929,1.789775098836803e-10,4.4217973030085725e-11
cyclomatic_lizard,RQ1,lizard,1,116,2.9025,3.201,0.0379241349130216,0.026210750790354176,0.05950565486808923,3.8652432432307426,2.6557273434033357,6.131176254058612,0.1479999999999997,100,16,0,789.0,7.296661015139605e-13,0.7674624226348364,1.386365592876525e-11,5.107662710597724e-12
maintainability_radon,RQ1,radon,0,116,72.85275000000001,72.79725,-0.9440000000000026,-1.3464999999999918,-0.46749999999999403,,,,-0.9440000000000026,39,77,0,2200.0,0.0010140659432861313,-0.3516062481579723,0.006585442703085195,0.0013309615505630473
lizard_warnings_per_kloc,RQ1,lizard,1,116,0.957476667950226,1.3332234771061269,0.06330497658572515,0.042900377693543046,0.10482835423199971,6.535169701493082,4.383390052989289,11.051997794105638,0.14330951781858514,78,35,3,1149.0,2.9469696620303834e-09,0.6432231020027946,4.125757526842537e-08,7.735795362829757e-09
duplication_pct,RQ1,sonar,1,116,1.7,1.85,0.0,0.0,0.04235453798951167,0.0,0.0,4.326429001472976,0.0,54,47,15,2295.5,0.34285445822450844,0.108716754028344,0.4355923150299703,0.34285445822450844
debt_ratio_pct,RQ1,sonar,1,116,0.4,0.4,0.0,0.0,0.0,0.0,0.0,0.0,0.0,22,32,62,599.5,0.21779615751498516,-0.1925925925925926,0.4355923150299703,0.22868596539073444
comment_density_pct,RQ1,sonar,1,116,18.85,22.1,0.029125738643382082,0.008474779156886658,0.08382762596375004,2.9554041065153136,0.8510791758827407,8.744143098378432,0.7749999999999986,73,42,1,1892.0,5.647874218269654e-05,0.43268365817091453,0.000621266164009662,0.00010782305325787522
bugs_per_kloc,RQ1,sonar,1,116,0.2946215435259519,0.2586220487454854,-0.019980771133974576,-0.033724413056460935,-0.010682753505585868,-1.9782478403062354,-3.316208416778099,-1.0625895541008679,-0.02801239468799993,31,77,8,1693.0,0.0001274017889604903,-0.42473666326877335,0.0011466161006444128,0.00020580288985925355
functions_per_kloc,RQ1,sonar,1,116,56.360471405683754,53.63494744026019,-0.0437776003265169,-0.06380590675889497,-0.026025670850588378,-4.283319261127438,-6.181292236924618,-2.568992208072196,-2.3362564751075254,30,86,0,1418.0,5.3004271710058654e-08,-0.5820807544945475,6.890555322307625e-07,1.2367663399013686e-07
loc_per_function,RQ1,lizard,1,116,13.267893597462846,13.892447566358653,0.05079738484979757,0.03676383743863587,0.06865788283369367,5.210969832111378,3.744798553166784,7.106971512411753,0.6827297070828244,96,20,0,1027.0,7.120739396395486e-11,0.6973180076628352,1.1393183034232777e-09,2.49225878873842e-10
sonar_vuln_per_kloc,RQ2,sonar,1,116,0.474564795968915,0.41086897930651745,-0.019443024743746526,-0.03748634298560448,-0.0037036680063777805,-1.925522821844905,-3.679242782932468,-0.36968178874918767,-0.027105222185563563,31,73,12,1710.0,0.0009407775290121706,-0.37362637362637363,0.006585442703085195,0.0013170885406170389
bandit_per_kloc,RQ2,bandit,1,116,0.6560164164811533,0.5883794876456512,-0.0317924287806394,-0.05720488522701464,-0.005372024152041396,-3.1292362962711984,-5.559944417910523,-0.5357620633854365,-0.059469844686120606,41,69,6,1885.0,0.0004979851543712681,-0.3824733824733825,0.003983881234970145,0.0007469777315569022
bandit_high_per_kloc,RQ2,bandit,1,116,0.058959965792780795,0.035932197886905125,-0.0034496005836182706,-0.009591705925750878,0.0,-0.34436575471896713,-0.9545852236609531,0.0,-0.0035509912759094757,22,62,32,1052.0,0.0010792193713850947,-0.4106442577030812,0.006585442703085195,0.001333153341122764
codeql_per_kloc,RQ2,codeql,1,116,0.10025266049775433,0.08674220119178086,-0.002117551805213983,-0.015943040252965224,0.0,-0.2115311374078832,-1.5816622705026595,0.0,-0.002521319635986557,25,64,27,1373.0,0.01001003755106022,-0.3143570536828964,0.03003011265318066,0.011063725714329717
codeql_high_per_kloc,RQ2,codeql,1,116,0.06130792594961443,0.055513344471549424,0.0,-0.011163540089573556,0.0,0.0,-1.1101459005549819,0.0,0.0,28,57,31,1187.0,0.005007993434324144,-0.3504787961696306,0.020031973737296576,0.005842659006711502
cwe_distinct,RQ2,codeql+bandit,1,116,5.0,7.0,0.0,0.0,0.08004270767353638,0.0,0.0,8.333333333333325,0.0,54,20,42,610.0,2.8037228884389465e-05,0.5603603603603604,0.0003364467466126736,5.887818065721788e-05
