outcome,rq,tool,logged,repos,median_pre,median_post,median_diff,ci_lo,ci_hi,median_pct,pct_lo,pct_hi,median_diff_raw,n_up,n_down,n_tied,wilcoxon_W,p,effect_r,p_holm
smells_per_kloc,RQ1,sonar,1,117,14.26509505278407,13.138802448049738,-0.10218262368727671,-0.12158613948259234,-0.06886496341304538,-9.713534785983047,-11.448522772080338,-6.654727816247363,-1.2965090798237426,21,96,0,792.0,4.713229075808006e-13,-0.7705345501955672,9.426458151616013e-12
violations_per_kloc,RQ1,sonar,1,117,15.645402879187024,13.989723661224307,-0.09788608874332771,-0.13258826148034153,-0.07328652217256959,-9.324781284763272,-12.417437097181605,-7.066548306952358,-1.4510251806081307,20,97,0,789.0,4.4381265158575887e-13,-0.7714037375054325,9.320065683300937e-12
cognitive_per_kloc,RQ1,sonar,0,117,148.95152967894467,169.43657189801507,5.524138920659567,1.4770931343600466,10.704231626281569,,,,5.524138920659567,75,42,0,2022.0,0.00010108980838086792,0.414167753150804,0.0010108980838086793
cognitive_per_function,RQ1,sonar,1,117,2.5216275604747835,3.051499781869256,0.05661416431229549,0.03819688924437159,0.07910720717484532,5.824742199333022,3.893576802076848,8.232034835760338,0.22066639324098292,94,23,0,1063.0,8.234455774007147e-11,0.6920179632044039,1.2351683661010722e-09
complexipy_per_function,RQ1,complexipy,1,117,2.8425000000000002,3.331,0.056097279795543464,0.03918236899993732,0.0866118614907212,5.77005716274277,3.9960122845055013,9.047334286921615,0.2759999999999998,96,21,0,916.0,5.346259893437766e-12,0.7346081413878024,9.623267808187979e-11
cyclomatic_radon,RQ1,radon,1,117,2.8834999999999997,3.183,0.03210515585425178,0.01885601376082713,0.048325082668682295,3.2626086274280874,1.9034911049138348,4.9511777964531545,0.15049999999999963,99,18,0,942.0,8.77109320215836e-12,0.7270751847023034,1.4910858443669212e-10
cyclomatic_lizard,RQ1,lizard,1,117,2.9055,3.202,0.03708238400844577,0.025845396437469415,0.053527958901185446,3.777851367032259,2.6182284771739894,5.49864876182129,0.14550000000000018,101,16,0,805.0,6.111839896371908e-13,0.7667680718528176,1.1612495803106624e-11
maintainability_radon,RQ1,radon,0,117,72.78550000000001,72.75450000000001,-0.9284999999999997,-1.3449999999999989,-0.43250000000000455,,,,-0.9284999999999997,40,77,0,2246.0,0.0010427726106209043,-0.3492684340141967,0.006256635663725425
lizard_warnings_per_kloc,RQ1,lizard,1,117,0.9600826807843368,1.3228320413432648,0.06051511095395612,0.042900377693543046,0.09979532319107065,6.238365107946797,4.383390052989289,10.494473836647455,0.1405683186395077,78,36,3,1191.0,3.6491354343056213e-09,0.6366132723112128,5.10878960802787e-08
duplication_pct,RQ1,sonar,1,117,1.7,1.8,0.0,0.0,0.037053986076860945,0.0,0.0,3.774904332554163,0.0,54,47,16,2295.5,0.34285445822450844,0.108716754028344,0.4355923150299703
debt_ratio_pct,RQ1,sonar,1,117,0.4,0.4,0.0,0.0,0.0,0.0,0.0,0.0,0.0,22,32,63,599.5,0.21779615751498516,-0.1925925925925926,0.4355923150299703
comment_density_pct,RQ1,sonar,1,117,18.8,22.1,0.029199154692261864,0.008474779156886658,0.07616136096556403,2.962962962962923,0.8510791758827407,7.913669064748197,0.7999999999999972,74,42,1,1893.0,3.590746426482004e-05,0.4420866489832007,0.0003949821069130205
bugs_per_kloc,RQ1,sonar,1,117,0.29503335835860367,0.2737870042203142,-0.02025331212773654,-0.03364706610606749,-0.01105534884711562,-2.004959145921903,-3.30872993113136,-1.0994463055826742,-0.02831400745581214,31,78,8,1714.0,0.0001043102999007147,-0.4281901584653878,0.0010108980838086793
functions_per_kloc,RQ1,sonar,1,117,56.17683462449766,53.5777171510071,-0.04333813917268703,-0.06361043701895053,-0.025725871635495334,-4.24124625412019,-6.162951726067201,-2.5397780894443556,-2.30665177751375,30,87,0,1442.0,4.6173916919098074e-08,-0.5822106330580907,6.00260919948275e-07
loc_per_function,RQ1,lizard,1,117,13.441817921063729,13.973703657227311,0.04982604764654397,0.03676383743863587,0.06748381574024176,5.108824119919442,3.744798553166784,6.981294532719318,0.6769532133108669,97,20,0,1042.0,5.625292168308439e-11,0.6981022743734608,9.000467469293503e-10
sonar_vuln_per_kloc,RQ2,sonar,1,117,0.4759073245965527,0.4159277509526448,-0.02095912334957059,-0.03893754466871788,-0.004180017388384499,-2.074100742113194,-3.8189222518708377,-0.41712932755817445,-0.02799520460608232,31,74,12,1731.0,0.000775356264064394,-0.3778975741239892,0.005427493848450758
bandit_per_kloc,RQ2,bandit,1,117,0.7071666866720858,0.6072844470369334,-0.03208623448538789,-0.05596714510532675,-0.00524539914108374,-3.157693298651165,-5.4429798010550705,-0.5231666057336604,-0.0602591651757909,41,70,6,1908.0,0.0004144218395093595,-0.3861003861003861,0.003315374716074876
bandit_high_per_kloc,RQ2,bandit,1,117,0.057539955382434047,0.0349691286104829,-0.002448917700251397,-0.009414635606650124,0.0,-0.24459215475762797,-0.937045667639469,0.0,-0.0024892530709860958,22,62,33,1052.0,0.0010792193713850947,-0.4106442577030812,0.006256635663725425
codeql_per_kloc,RQ2,codeql,1,117,0.10015868158063565,0.086467174995417,-0.001620257420172716,-0.016076466713705995,0.0,-0.16189455117576745,-1.5947930049647008,0.0,-0.0023910819516295145,25,64,28,1373.0,0.01001003755106022,-0.3143570536828964,0.03003011265318066
codeql_high_per_kloc,RQ2,codeql,1,117,0.058985744381207544,0.05362621436255485,0.0,-0.01112079199338527,0.0,0.0,-1.105918457202959,0.0,0.0,28,57,32,1187.0,0.005007993434324144,-0.3504787961696306,0.020031973737296576
cwe_distinct,RQ2,codeql+bandit,1,117,5.0,7.0,0.0,0.0,0.08004270767353638,0.0,0.0,8.333333333333325,0.0,54,20,43,610.0,2.8037228884389465e-05,0.5603603603603604,0.0003364467466126736
