outcome,rq,tool,logged,repos,repos_indexed,pre_slope,pre_slope_p,pre_flat_p,pre_flat_df,pre_lin_p,pre_lin_df
smells_per_kloc,RQ1,sonar,1,117,117,-0.00934128786395962,1.2036811684428166e-05,1.4303228328552309e-06,11,0.14766353789542633,10
violations_per_kloc,RQ1,sonar,1,117,117,-0.009572368135118227,3.3457279722221135e-06,1.216920847760685e-07,11,0.1640249114312729,10
cognitive_per_kloc,RQ1,sonar,0,117,117,0.2510941003227969,0.33481754865980007,0.4394632729223491,11,0.5925205693529774,10
cognitive_per_function,RQ1,sonar,1,117,117,0.004190192630194239,0.001350176315116201,0.012142951903386587,11,0.5390431436869385,10
complexipy_per_function,RQ1,complexipy,1,117,117,0.005017886783559761,0.0003778537569426567,0.0024974848163835713,11,0.48497040397722435,10
cyclomatic_radon,RQ1,radon,1,117,117,0.002135421087286444,0.002128092083018415,0.001841882927817254,11,0.20626425822488592,10
cyclomatic_lizard,RQ1,lizard,1,117,117,0.002875114703754348,9.299092038563667e-05,0.0011142428040622847,11,0.4613182266493878,10
maintainability_radon,RQ1,radon,0,117,117,-0.06231333132710104,0.07324644222814895,0.28842639810100956,11,0.881899564503902,10
lizard_warnings_per_kloc,RQ1,lizard,1,117,109,0.006713296683285955,4.8377948704166734e-05,0.000806978879037733,11,0.04534427198693364,10
duplication_pct,RQ1,sonar,1,117,100,0.005982364118773165,0.18262293868277113,0.1029708557143909,11,0.4623244049082844,10
debt_ratio_pct,RQ1,sonar,1,117,117,-0.0008147501893605441,0.26322150989063375,0.6309306151994432,11,0.608192532008913,10
comment_density_pct,RQ1,sonar,1,117,117,-0.0013202929471740274,0.47249276570365506,0.1596222877471422,11,0.11517878855112589,10
bugs_per_kloc,RQ1,sonar,1,117,104,-0.000704642201334876,0.6770519825192614,0.8129726934346166,11,0.7496174461528284,10
functions_per_kloc,RQ1,sonar,1,117,117,-0.004312315278521717,0.00029493823558926247,0.026686833837896738,11,0.48425112548517,10
loc_per_function,RQ1,lizard,1,117,117,0.003391500777813146,0.0019360628869370573,0.0075941696898222935,11,0.5593332289315656,10
sonar_vuln_per_kloc,RQ2,sonar,1,117,101,-0.004203510861525591,0.040669631794171775,0.4619755080765099,11,0.8861622922857353,10
bandit_per_kloc,RQ2,bandit,1,117,107,-0.0012310306642315744,0.5842562473068558,0.015441926364715964,11,0.241204778598032,10
bandit_high_per_kloc,RQ2,bandit,1,117,72,-0.0018445783787357202,0.04452570294336838,0.4106691187043116,11,0.60208783785808,10
codeql_per_kloc,RQ2,codeql,1,117,85,-0.0005167578109546967,0.7755604898070612,0.8778070715834949,11,0.8327610958379601,10
codeql_high_per_kloc,RQ2,codeql,1,117,77,-1.8467682150495254e-07,0.9999023067587406,0.7664021015370546,11,0.6881206953851836,10
cwe_distinct,RQ2,codeql+bandit,1,117,110,0.019212814721222327,1.4640987610910027e-05,0.001868708787598445,11,0.24511775303491704,10
